ZIP A,ZIP B,Lat_A,Lon_A,Lat_B,Lon_B
1330,1330,19.3698625,-99.26816420000002,19.3698625,-99.26816420000002
52774,52774,19.4223752,-99.29241909999999,19.4223752,-99.29241909999999
5500,11200,19.3401429,-99.3094019,19.4477344,-99.21413659999999
52774,52774,19.4223752,-99.29241909999999,19.4223752,-99.29241909999999
4230,55076,19.3542204,-99.12624609999999,19.5850596,-99.00876009999999
4100,3920,19.3538129,-99.16360510000001,19.3726839,-99.18367549999999
52172,11000,19.2722311,-99.57569339999999,19.420166,-99.2203687
11230,53569,19.4574859,-99.2106745,19.4616205,-99.223485
6100,6140,19.4093682,-99.1719095,19.4149803,-99.17744619999999
3020,3320,19.3940734,-99.1539178,19.3681203,-99.1573774
53125,52784,19.5138612,-99.2605428,19.4201558,-99.2494583
54769,54870,19.5983736,-99.19267409999999,19.6745962,-99.1719095
11800,1070,19.4002495,-99.17744619999999,19.3445588,-99.1864442
3560,3510,19.3704998,-99.1393889,19.3965929,-99.13316309999999
52172,11000,19.2722311,-99.57569339999999,19.420166,-99.2203687
11800,1070,19.4002495,-99.17744619999999,19.3445588,-99.1864442
1710,10000,19.3574644,-99.207905,19.3145421,-99.24114589999999
52763,52764,19.3916612,-99.2882606,19.379596,-99.2938053
4120,3100,19.3545104,-99.1497664,19.3813647,-99.16802390000001
3300,3810,19.3648912,-99.1483827,19.3943574,-99.17744619999999
1700,6400,19.3418937,-99.22452369999999,19.4468279,-99.1594532
5500,11200,19.3401429,-99.3094019,19.4477344,-99.21413659999999
5270,11830,19.3669014,-99.297271,19.4057906,-99.19890459999999
4920,9440,19.3064523,-99.1241711,19.3731619,-99.1303962
6140,11590,19.4149803,-99.17744619999999,19.4326577,-99.17744619999999
1780,1780,19.3392293,-99.21898379999999,19.3392293,-99.21898379999999
11800,4100,19.4002495,-99.17744619999999,19.3538129,-99.16360510000001
6100,11590,19.4093682,-99.1719095,19.4326577,-99.17744619999999
11560,11560,19.4339168,-99.18787209999999,19.4339168,-99.18787209999999
6720,52784,19.4179232,-99.1483827,19.4201558,-99.2494583
6500,52770,19.4301322,-99.16914129999999,19.4281431,-99.2660856
11950,5120,19.4005243,-99.23006409999999,19.3904162,-99.25500029999999
10200,1330,19.3271667,-99.22452369999999,19.3698625,-99.26816420000002
11950,5120,19.4005243,-99.23006409999999,19.3904162,-99.25500029999999
11500,53930,19.4398745,-99.211348,19.4295399,-99.24235809999999
3100,3610,19.3813647,-99.16802390000001,19.3821451,-99.1421561
52925,52925,19.5822822,-99.233527,19.5822822,-99.233527
3100,3100,19.3813647,-99.16802390000001,19.3813647,-99.16802390000001
52764,52764,19.379596,-99.2938053,19.379596,-99.2938053
6700,11540,19.4173639,-99.1594532,19.4315336,-99.19959689999999
52930,62330,19.5458167,-99.2979641,18.9396574,-99.2023662
11400,11400,19.4531418,-99.1802147,19.4531418,-99.1802147
11550,11560,19.4318149,-99.19405859999999,19.4339168,-99.18787209999999
1710,10000,19.3574644,-99.207905,19.3145421,-99.24114589999999
6600,6600,19.4276061,-99.16083719999999,19.4276061,-99.16083719999999
6700,11850,19.4173639,-99.1594532,19.4114729,-99.18852079999999
52930,62330,19.5458167,-99.2979641,18.9396574,-99.2023662
3100,3104,19.3813647,-99.16802390000001,19.3712091,-99.16914129999999
11800,3800,19.4002495,-99.17744619999999,19.3880449,-99.185752
52764,52764,19.379596,-99.2938053,19.379596,-99.2938053
11000,11000,19.420166,-99.2203687,19.420166,-99.2203687
11590,11550,19.4326577,-99.17744619999999,19.4318149,-99.19405859999999
1860,5348,19.3185335,-99.26400699999999,19.3568681,-99.2756998
52774,52774,19.4223752,-99.29241909999999,19.4223752,-99.29241909999999
52930,62330,19.5458167,-99.2979641,18.9396574,-99.2023662
14390,14390,19.2909523,-99.1248628,19.2909523,-99.1248628
10200,10200,19.3271667,-99.22452369999999,19.3271667,-99.22452369999999
6760,3000,19.405299,-99.16498910000001,19.403193,-99.1556476
10200,4660,19.3271667,-99.22452369999999,19.3058724,-99.1577234
11000,11910,19.420166,-99.2203687,19.3909815,-99.24391659999999
6140,6470,19.4149803,-99.17744619999999,19.4392516,-99.16360510000001
96760,6760,17.989988,-94.5663113,19.405299,-99.16498910000001
3340,3310,19.359984,-99.1580693,19.3685426,-99.16360510000001
1860,5348,19.3185335,-99.26400699999999,19.3568681,-99.2756998
11000,11000,19.420166,-99.2203687,19.420166,-99.2203687
3104,3100,19.3712091,-99.16914129999999,19.3813647,-99.16802390000001
6100,6700,19.4093682,-99.1719095,19.4173639,-99.1594532
6100,6100,19.4093682,-99.1719095,19.4093682,-99.1719095
11950,52789,19.4005243,-99.23006409999999,19.3885825,-99.2764794
1860,5348,19.3185335,-99.26400699999999,19.3568681,-99.2756998
53140,11510,19.4939478,-99.2466874,19.4368626,-99.2106745
11000,11000,19.420166,-99.2203687,19.420166,-99.2203687
11000,11000,19.420166,-99.2203687,19.420166,-99.2203687
1860,5348,19.3185335,-99.26400699999999,19.3568681,-99.2756998
11560,11510,19.4339168,-99.18787209999999,19.4368626,-99.2106745
1180,1180,19.3868525,-99.19475090000002,19.3868525,-99.19475090000002
3600,52938,19.3807458,-99.15530160000002,19.574132,-99.3201479
10400,14240,19.319032,-99.2252163,19.2919642,-99.2217537
11000,11540,19.420166,-99.2203687,19.4315336,-99.19959689999999
3600,52938,19.3807458,-99.15530160000002,19.574132,-99.3201479
3303,3510,19.3657583,-99.1511501,19.3965929,-99.13316309999999
3810,1700,19.3943574,-99.17744619999999,19.3418937,-99.22452369999999
4980,3570,19.3108788,-99.1386972,19.3660806,-99.1393889
4980,3570,19.3108788,-99.1386972,19.3660806,-99.1393889
52765,52765,19.3860544,-99.28271629999999,19.3860544,-99.28271629999999
4000,6100,19.3486926,-99.16291310000001,19.4093682,-99.1719095
3100,5348,19.3813647,-99.16802390000001,19.3568681,-99.2756998
3810,3023,19.3943574,-99.17744619999999,19.393651,-99.14769079999999
10500,10200,19.3125794,-99.2362974,19.3271667,-99.22452369999999
11000,11910,19.420166,-99.2203687,19.3909815,-99.24391659999999
54023,54023,19.554643,-99.2266013,19.554643,-99.2266013
1010,1760,19.3611115,-99.19405859999999,19.3495394,-99.2044432
1810,5600,19.3381002,-99.2556931,19.3466476,-99.2757864
14050,3440,19.2947596,-99.16637310000002,19.3864947,-99.1435398
6100,6700,19.4093682,-99.1719095,19.4173639,-99.1594532
7000,15900,19.479936,-99.1165633,19.4142597,-99.1041157
4980,3570,19.3108788,-99.1386972,19.3660806,-99.1393889
3810,1700,19.3943574,-99.17744619999999,19.3418937,-99.22452369999999
11500,11220,19.4398745,-99.211348,19.448224,-99.21898379999999
11550,3100,19.4318149,-99.19405859999999,19.3813647,-99.16802390000001
11550,3100,19.4318149,-99.19405859999999,19.3813647,-99.16802390000001
52953,52945,19.5601814,-99.233527,19.5628438,-99.2390679
52784,25774,19.4201558,-99.2494583,23.634501,-102.552784
54473,54766,19.595363,-99.2799443,19.6185361,-99.2591571
6100,6100,19.4093682,-99.1719095,19.4093682,-99.1719095
6100,3810,19.4093682,-99.1719095,19.3943574,-99.17744619999999
1810,5600,19.3381002,-99.2556931,19.3466476,-99.2757864
3600,4340,19.3807458,-99.15530160000002,19.3390881,-99.18540589999999
54120,6400,19.5567665,-99.18505979999999,19.4468279,-99.1594532
3940,1030,19.3655292,-99.17952260000001,19.3559202,-99.1802147
6760,2680,19.405299,-99.16498910000001,19.4743995,-99.1604912
6400,6400,19.4468279,-99.1594532,19.4468279,-99.1594532
11520,11520,19.4409348,-99.18852079999999,19.4409348,-99.18852079999999
5120,6600,19.3904162,-99.25500029999999,19.4276061,-99.16083719999999
53129,53129,19.5133735,-99.2556931,19.5133735,-99.2556931
3330,4040,19.362511,-99.16637310000002,19.3458119,-99.146999
3330,4040,19.362511,-99.16637310000002,19.3458119,-99.146999
54020,52950,19.5500888,-99.214829,19.5688885,-99.2217537
5500,5330,19.3401429,-99.3094019,19.3563182,-99.2882606
3810,3810,19.3943574,-99.17744619999999,19.3943574,-99.17744619999999
52763,52783,19.3916612,-99.2882606,19.4222516,-99.2660856
3570,15990,19.3660806,-99.1393889,19.4127929,-99.1186381
5120,6600,19.3904162,-99.25500029999999,19.4276061,-99.16083719999999
11000,11560,19.420166,-99.2203687,19.4339168,-99.18787209999999
3800,7990,19.3880449,-99.185752,19.452751,-99.05641779999999
14449,14449,19.26994,-99.1840215,19.26994,-99.1840215
54020,52950,19.5500888,-99.214829,19.5688885,-99.2217537
11530,3023,19.4341982,-99.2051355,19.393651,-99.14769079999999
4530,3104,19.3057046,-99.18298329999999,19.3712091,-99.16914129999999
4530,3104,19.3057046,-99.18298329999999,19.3712091,-99.16914129999999
52966,52966,19.5652097,-99.26469980000002,19.5652097,-99.26469980000002
5500,5330,19.3401429,-99.3094019,19.3563182,-99.2882606
52760,52787,19.3618791,-99.35204759999999,19.4010652,-99.27717229999999
52760,52760,19.3618791,-99.35204759999999,19.3618791,-99.35204759999999
52937,52930,19.5691005,-99.30350949999999,19.5458167,-99.2979641
11520,11520,19.4409348,-99.18852079999999,19.4409348,-99.18852079999999
7730,3100,19.4925705,-99.1435398,19.3813647,-99.16802390000001
52989,52930,19.5368619,-99.2716288,19.5458167,-99.2979641
5120,6600,19.3904162,-99.25500029999999,19.4276061,-99.16083719999999
52774,52774,19.4223752,-99.29241909999999,19.4223752,-99.29241909999999
7000,3840,19.479936,-99.1165633,19.3877638,-99.1767541
7000,3840,19.479936,-99.1165633,19.3877638,-99.1767541
11230,11200,19.4574859,-99.2106745,19.4477344,-99.21413659999999
3020,3023,19.3940734,-99.1539178,19.393651,-99.14769079999999
6080,6080,19.4243045,-99.1368331,19.4243045,-99.1368331
52937,52930,19.5691005,-99.30350949999999,19.5458167,-99.2979641
53100,53100,19.5077027,-99.23698999999999,19.5077027,-99.23698999999999
6760,6100,19.405299,-99.16498910000001,19.4093682,-99.1719095
53100,53100,19.5077027,-99.23698999999999,19.5077027,-99.23698999999999
9780,4600,19.3176966,-99.06125540000001,19.3115869,-99.1539178
6080,6080,19.4243045,-99.1368331,19.4243045,-99.1368331
1180,6760,19.3868525,-99.19475090000002,19.405299,-99.16498910000001
5120,6600,19.3904162,-99.25500029999999,19.4276061,-99.16083719999999
3023,3020,19.393651,-99.14769079999999,19.3940734,-99.1539178
53100,53100,19.5077027,-99.23698999999999,19.5077027,-99.23698999999999
6500,6500,19.4301322,-99.16914129999999,19.4301322,-99.16914129999999
6700,6700,19.4173639,-99.1594532,19.4173639,-99.1594532
1330,1780,19.3698625,-99.26816420000002,19.3392293,-99.21898379999999
11550,11000,19.4318149,-99.19405859999999,19.420166,-99.2203687
9780,4600,19.3176966,-99.06125540000001,19.3115869,-99.1539178
1330,1330,19.3698625,-99.26816420000002,19.3698625,-99.26816420000002
4120,4870,19.3545104,-99.1497664,19.3169094,-99.1359301
14620,11650,19.2805888,-99.15530160000002,19.4313193,-99.21829129999999
1780,1780,19.3392293,-99.21898379999999,19.3392293,-99.21898379999999
6700,5310,19.4173639,-99.1594532,19.3617006,-99.2873943
3240,3240,19.3628631,-99.17398569999999,19.3628631,-99.17398569999999
7800,7800,19.4736233,-99.1248628,19.4736233,-99.1248628
11520,11520,19.4409348,-99.18852079999999,19.4409348,-99.18852079999999
1920,1020,23.634501,-102.552784,19.3585861,-99.185752
1020,1020,19.3585861,-99.185752,19.3585861,-99.185752
1330,52764,19.3698625,-99.26816420000002,19.379596,-99.2938053
1480,1600,19.3674239,-99.2002892,19.3658809,-99.2016738
1010,53950,19.3611115,-99.19405859999999,19.4193192,-99.23698999999999
57170,57170,19.4641835,-99.0488165,19.4641835,-99.0488165
1790,6140,19.3446999,-99.21275179999999,19.4149803,-99.17744619999999
4010,4010,19.3475023,-99.1719095,19.3475023,-99.1719095
11650,53950,19.4313193,-99.21829129999999,19.4193192,-99.23698999999999
6100,11520,19.4093682,-99.1719095,19.4409348,-99.18852079999999
4310,3800,19.341471,-99.1746778,19.3880449,-99.185752
4310,3800,19.341471,-99.1746778,19.3880449,-99.185752
52784,52774,19.4201558,-99.2494583,19.4223752,-99.29241909999999
4310,3800,19.341471,-99.1746778,19.3880449,-99.185752
6700,6140,19.4173639,-99.1594532,19.4149803,-99.17744619999999
3810,3810,19.3943574,-99.17744619999999,19.3943574,-99.17744619999999
6470,6500,19.4392516,-99.16360510000001,19.4301322,-99.16914129999999
6500,6470,19.4301322,-99.16914129999999,19.4392516,-99.16360510000001
1010,53950,19.3611115,-99.19405859999999,19.4193192,-99.23698999999999
5346,3023,23.634501,-102.552784,19.393651,-99.14769079999999
2950,54090,19.469769,-99.1573774,19.5262433,-99.19128970000001
52764,52779,19.379596,-99.2938053,19.4047023,-99.29241909999999
53100,53100,19.5077027,-99.23698999999999,19.5077027,-99.23698999999999
4370,14200,19.3371133,-99.1442316,19.2863543,-99.2162139
52930,52930,19.5458167,-99.2979641,19.5458167,-99.2979641
1499,11800,23.634501,-102.552784,19.4002495,-99.17744619999999
6700,6140,19.4173639,-99.1594532,19.4149803,-99.17744619999999
11529,1330,19.4431776,-99.2023662,19.3698625,-99.26816420000002
3023,3020,19.393651,-99.14769079999999,19.3940734,-99.1539178
52784,52774,19.4201558,-99.2494583,19.4223752,-99.29241909999999
54055,54055,19.5211744,-99.2328344,19.5211744,-99.2328344
11950,5120,19.4005243,-99.23006409999999,19.3904162,-99.25500029999999
52930,52930,19.5458167,-99.2979641,19.5458167,-99.2979641
3810,3810,19.3943574,-99.17744619999999,19.3943574,-99.17744619999999
1780,1780,19.3392293,-99.21898379999999,19.3392293,-99.21898379999999
1790,1790,19.3446999,-99.21275179999999,19.3446999,-99.21275179999999
53126,52989,19.5198851,-99.27232169999999,19.5368619,-99.2716288
53125,55120,19.5138612,-99.2605428,19.5419272,-99.0267076
14643,4710,19.2674154,-99.146653,19.3055613,-99.17121739999999
6760,6170,19.405299,-99.16498910000001,19.4089477,-99.1802147
6760,6170,19.405299,-99.16498910000001,19.4089477,-99.1802147
3230,3240,19.3684751,-99.17952260000001,19.3628631,-99.17398569999999
1010,53950,19.3611115,-99.19405859999999,19.4193192,-99.23698999999999
6100,11520,19.4093682,-99.1719095,19.4409348,-99.18852079999999
11800,3100,19.4002495,-99.17744619999999,19.3813647,-99.16802390000001
52784,52774,19.4201558,-99.2494583,19.4223752,-99.29241909999999
11000,11000,19.420166,-99.2203687,19.420166,-99.2203687
53950,52780,19.4193192,-99.23698999999999,19.4113186,-99.2494583
53250,53237,19.5014463,-99.2584643,19.4971691,-99.2556931
11000,11000,19.420166,-99.2203687,19.420166,-99.2203687
6760,6170,19.405299,-99.16498910000001,19.4089477,-99.1802147
6700,6700,19.4173639,-99.1594532,19.4173639,-99.1594532
11000,11000,19.420166,-99.2203687,19.420166,-99.2203687
3104,3100,19.3712091,-99.16914129999999,19.3813647,-99.16802390000001
53100,53100,19.5077027,-99.23698999999999,19.5077027,-99.23698999999999
3103,6700,19.3968781,-99.16553449999999,19.4173639,-99.1594532
6760,6170,19.405299,-99.16498910000001,19.4089477,-99.1802147
1010,53950,19.3611115,-99.19405859999999,19.4193192,-99.23698999999999
52784,52774,19.4201558,-99.2494583,19.4223752,-99.29241909999999
52764,52779,19.379596,-99.2938053,19.4047023,-99.29241909999999
5600,5600,19.3466476,-99.2757864,19.3466476,-99.2757864
6170,6100,19.4089477,-99.1802147,19.4093682,-99.1719095
6100,6100,19.4093682,-99.1719095,19.4093682,-99.1719095
54750,52930,19.6407547,-99.19959689999999,19.5458167,-99.2979641
53250,53237,19.5014463,-99.2584643,19.4971691,-99.2556931
4718,4700,23.634501,-102.552784,19.3092084,-99.1719095
6140,3200,19.4149803,-99.17744619999999,19.3768213,-99.1746778
10200,4710,19.3271667,-99.22452369999999,19.3055613,-99.17121739999999
1780,1780,19.3392293,-99.21898379999999,19.3392293,-99.21898379999999
3023,3660,19.393651,-99.14769079999999,19.3754117,-99.1442316
14643,4710,19.2674154,-99.146653,19.3055613,-99.17121739999999
7300,7300,19.4939722,-99.1303962,19.4939722,-99.1303962
52783,52763,19.4222516,-99.2660856,19.3916612,-99.2882606
11550,1020,19.4318149,-99.19405859999999,19.3585861,-99.185752
6600,6100,19.4276061,-99.16083719999999,19.4093682,-99.1719095
11000,11000,19.420166,-99.2203687,19.420166,-99.2203687
11529,1330,19.4431776,-99.2023662,19.3698625,-99.26816420000002
53250,53237,19.5014463,-99.2584643,19.4971691,-99.2556931
6700,6100,19.4173639,-99.1594532,19.4093682,-99.1719095
5129,1219,19.3929373,-99.2633141,19.3870901,-99.2407996
6500,11550,19.4301322,-99.16914129999999,19.4318149,-99.19405859999999
1030,1030,19.3559202,-99.1802147,19.3559202,-99.1802147
14643,4710,19.2674154,-99.146653,19.3055613,-99.17121739999999
53100,53100,19.5077027,-99.23698999999999,19.5077027,-99.23698999999999
53100,53100,19.5077027,-99.23698999999999,19.5077027,-99.23698999999999
4710,4530,19.3055613,-99.17121739999999,19.3057046,-99.18298329999999
6500,11550,19.4301322,-99.16914129999999,19.4318149,-99.19405859999999
6500,11550,19.4301322,-99.16914129999999,19.4318149,-99.19405859999999
10200,4710,19.3271667,-99.22452369999999,19.3055613,-99.17121739999999
11800,11800,19.4002495,-99.17744619999999,19.4002495,-99.17744619999999
3020,6030,19.3940734,-99.1539178,19.4360237,-99.1546097
3020,3650,19.3940734,-99.1539178,19.3756251,-99.1546097
6700,6140,19.4173639,-99.1594532,19.4149803,-99.17744619999999
6600,6600,19.4276061,-99.16083719999999,19.4276061,-99.16083719999999
53250,53237,19.5014463,-99.2584643,19.4971691,-99.2556931
5500,5118,19.3401429,-99.3094019,19.3827372,-99.25396119999999
3900,3900,19.3674235,-99.185752,19.3674235,-99.185752
11560,11590,19.4339168,-99.18787209999999,19.4326577,-99.17744619999999
5129,52789,19.3929373,-99.2633141,19.3885825,-99.2764794
3103,3103,19.3968781,-99.16553449999999,19.3968781,-99.16553449999999
11529,6760,19.4431776,-99.2023662,19.405299,-99.16498910000001
53100,53100,19.5077027,-99.23698999999999,19.5077027,-99.23698999999999
52930,52774,19.5458167,-99.2979641,19.4223752,-99.29241909999999
8011,10409,23.634501,-102.552784,23.634501,-102.552784
54750,52930,19.6407547,-99.19959689999999,19.5458167,-99.2979641
54750,52930,19.6407547,-99.19959689999999,19.5458167,-99.2979641
1030,1030,19.3559202,-99.1802147,19.3559202,-99.1802147
11529,6760,19.4431776,-99.2023662,19.405299,-99.16498910000001
53100,53100,19.5077027,-99.23698999999999,19.5077027,-99.23698999999999
5348,5348,19.3568681,-99.2756998,19.3568681,-99.2756998
3020,4620,19.3940734,-99.1539178,19.3225231,-99.1414643
6600,3810,19.4276061,-99.16083719999999,19.3943574,-99.17744619999999
53125,55120,19.5138612,-99.2605428,19.5419272,-99.0267076
52930,52774,19.5458167,-99.2979641,19.4223752,-99.29241909999999
53250,53237,19.5014463,-99.2584643,19.4971691,-99.2556931
6040,6700,19.4269824,-99.1519716,19.4173639,-99.1594532
3100,6600,19.3813647,-99.16802390000001,19.4276061,-99.16083719999999
6100,6100,19.4093682,-99.1719095,19.4093682,-99.1719095
7290,3104,19.5290566,-99.1359301,19.3712091,-99.16914129999999
52989,53129,19.5368619,-99.2716288,19.5133735,-99.2556931
50989,53120,23.634501,-102.552784,19.5097158,-99.26955
52989,53129,19.5368619,-99.2716288,19.5133735,-99.2556931
14643,4710,19.2674154,-99.146653,19.3055613,-99.17121739999999
4710,4530,19.3055613,-99.17121739999999,19.3057046,-99.18298329999999
6500,11000,19.4301322,-99.16914129999999,19.420166,-99.2203687
53100,53100,19.5077027,-99.23698999999999,19.5077027,-99.23698999999999
5348,1210,19.3568681,-99.2756998,19.382987,-99.2418386
6600,6100,19.4276061,-99.16083719999999,19.4093682,-99.1719095
3103,3103,19.3968781,-99.16553449999999,19.3968781,-99.16553449999999
1210,1210,19.382987,-99.2418386,19.382987,-99.2418386
3020,3020,19.3940734,-99.1539178,19.3940734,-99.1539178
6760,6760,19.405299,-99.16498910000001,19.405299,-99.16498910000001
6100,6100,19.4093682,-99.1719095,19.4093682,-99.1719095
4100,4100,19.3538129,-99.16360510000001,19.3538129,-99.16360510000001
11529,6760,19.4431776,-99.2023662,19.405299,-99.16498910000001
3020,4620,19.3940734,-99.1539178,19.3225231,-99.1414643
16020,1020,19.271182,-99.1373136,19.3585861,-99.185752
1810,1210,19.3381002,-99.2556931,19.382987,-99.2418386
52774,52774,19.4223752,-99.29241909999999,19.4223752,-99.29241909999999
6500,11540,19.4301322,-99.16914129999999,19.4315336,-99.19959689999999
6500,11000,19.4301322,-99.16914129999999,19.420166,-99.2203687
1210,5349,19.382987,-99.2418386,23.634501,-102.552784
5500,5500,19.3401429,-99.3094019,19.3401429,-99.3094019
3650,4369,19.3756251,-99.1546097,19.3287038,-99.16498910000001
6760,6760,19.405299,-99.16498910000001,19.405299,-99.16498910000001
5348,1210,19.3568681,-99.2756998,19.382987,-99.2418386
11520,53310,19.4409348,-99.18852079999999,19.4881337,-99.23075659999999
1810,11000,19.3381002,-99.2556931,19.420166,-99.2203687
5348,5348,19.3568681,-99.2756998,19.3568681,-99.2756998
3103,3103,19.3968781,-99.16553449999999,19.3968781,-99.16553449999999
6100,6100,19.4093682,-99.1719095,19.4093682,-99.1719095
3103,3103,19.3968781,-99.16553449999999,19.3968781,-99.16553449999999
3020,4620,19.3940734,-99.1539178,19.3225231,-99.1414643
5500,5500,19.3401429,-99.3094019,19.3401429,-99.3094019
1210,1210,19.382987,-99.2418386,19.382987,-99.2418386
11910,52770,19.3909815,-99.24391659999999,19.4281431,-99.2660856
52774,53126,19.4223752,-99.29241909999999,19.5198851,-99.27232169999999
6760,6760,19.405299,-99.16498910000001,19.405299,-99.16498910000001
16020,1020,19.271182,-99.1373136,19.3585861,-99.185752
53100,53100,19.5077027,-99.23698999999999,19.5077027,-99.23698999999999
53100,53100,19.5077027,-99.23698999999999,19.5077027,-99.23698999999999
53100,54080,19.5077027,-99.23698999999999,19.5203389,-99.2203687
14376,4369,19.2932045,-99.1386972,19.3287038,-99.16498910000001
3020,3020,19.3940734,-99.1539178,19.3940734,-99.1539178
3020,3020,19.3940734,-99.1539178,19.3940734,-99.1539178
6100,1180,19.4093682,-99.1719095,19.3868525,-99.19475090000002
11590,11590,19.4326577,-99.17744619999999,19.4326577,-99.17744619999999
5500,5500,19.3401429,-99.3094019,19.3401429,-99.3094019
7620,54150,19.5250552,-99.17121739999999,19.538595,-99.1802147
3440,3023,19.3864947,-99.1435398,19.393651,-99.14769079999999
11520,11520,19.4409348,-99.18852079999999,19.4409348,-99.18852079999999
5500,11560,19.3401429,-99.3094019,19.4339168,-99.18787209999999
6700,11850,19.4173639,-99.1594532,19.4114729,-99.18852079999999
5500,5500,19.3401429,-99.3094019,19.3401429,-99.3094019
6400,6700,19.4468279,-99.1594532,19.4173639,-99.1594532
1010,6700,19.3611115,-99.19405859999999,19.4173639,-99.1594532
6500,11850,19.4301322,-99.16914129999999,19.4114729,-99.18852079999999
52787,52787,19.4010652,-99.27717229999999,19.4010652,-99.27717229999999
53100,53100,19.5077027,-99.23698999999999,19.5077027,-99.23698999999999
16020,1020,19.271182,-99.1373136,19.3585861,-99.185752
52774,52779,19.4223752,-99.29241909999999,19.4047023,-99.29241909999999
16020,1020,19.271182,-99.1373136,19.3585861,-99.185752
3100,3100,19.3813647,-99.16802390000001,19.3813647,-99.16802390000001
52938,52938,19.574132,-99.3201479,19.574132,-99.3201479
14376,14357,19.2932045,-99.1386972,19.2934821,-99.13316309999999
3330,3330,19.362511,-99.16637310000002,19.362511,-99.16637310000002
53250,54469,19.5014463,-99.2584643,19.6041704,-99.30905519999999
3100,1180,19.3813647,-99.16802390000001,19.3868525,-99.19475090000002
3100,1180,19.3813647,-99.16802390000001,19.3868525,-99.19475090000002
3600,3023,19.3807458,-99.15530160000002,19.393651,-99.14769079999999
1460,53270,19.3757002,-99.1968277,19.4757031,-99.25777149999999
6470,6500,19.4392516,-99.16360510000001,19.4301322,-99.16914129999999
5100,3400,19.3822741,-99.2702429,19.399121,-99.1414643
1740,4250,19.3498883,-99.2266013,19.3439785,-99.1248628
3900,3900,19.3674235,-99.185752,19.3674235,-99.185752
3900,3900,19.3674235,-99.185752,19.3674235,-99.185752
52787,52787,19.4010652,-99.27717229999999,19.4010652,-99.27717229999999
5100,11910,19.3822741,-99.2702429,19.3909815,-99.24391659999999
6140,6140,19.4149803,-99.17744619999999,19.4149803,-99.17744619999999
4700,14200,19.3092084,-99.1719095,19.2863543,-99.2162139
1740,1740,19.3498883,-99.2266013,19.3498883,-99.2266013
6500,3200,19.4301322,-99.16914129999999,19.3768213,-99.1746778
6500,6500,19.4301322,-99.16914129999999,19.4301322,-99.16914129999999
11560,11560,19.4339168,-99.18787209999999,19.4339168,-99.18787209999999
3810,3103,19.3943574,-99.17744619999999,19.3968781,-99.16553449999999
6700,6700,19.4173639,-99.1594532,19.4173639,-99.1594532
6140,6140,19.4149803,-99.17744619999999,19.4149803,-99.17744619999999
3100,3810,19.3813647,-99.16802390000001,19.3943574,-99.17744619999999
3810,3103,19.3943574,-99.17744619999999,19.3968781,-99.16553449999999
3900,1710,19.3674235,-99.185752,19.3574644,-99.207905
6100,11540,19.4093682,-99.1719095,19.4315336,-99.19959689999999
6400,3400,19.4468279,-99.1594532,19.399121,-99.1414643
11700,11700,19.4010793,-99.24807279999999,19.4010793,-99.24807279999999
6100,6100,19.4093682,-99.1719095,19.4093682,-99.1719095
2440,2150,19.4898956,-99.2106745,19.4943198,-99.19613539999999
62448,62448,18.9173929,-99.2210612,18.9173929,-99.2210612
16020,1020,19.271182,-99.1373136,19.3585861,-99.185752
14376,14357,19.2932045,-99.1386972,19.2934821,-99.13316309999999
52787,52787,19.4010652,-99.27717229999999,19.4010652,-99.27717229999999
6400,11460,19.4468279,-99.1594532,19.4447231,-99.1864442
11540,11540,19.4315336,-99.19959689999999,19.4315336,-99.19959689999999
8900,3000,19.3832516,-99.10549859999999,19.403193,-99.1556476
2169,53100,23.634501,-102.552784,19.5077027,-99.23698999999999
11560,11540,19.4339168,-99.18787209999999,19.4315336,-99.19959689999999
1840,11560,19.3319317,-99.2466874,19.4339168,-99.18787209999999
11560,11540,19.4339168,-99.18787209999999,19.4315336,-99.19959689999999
6470,6300,19.4392516,-99.16360510000001,19.4431779,-99.1442316
4100,4330,19.3538129,-99.16360510000001,19.3366956,-99.15253399999999
3330,1900,19.362511,-99.16637310000002,19.3205752,-99.2092897
3730,3100,19.3785056,-99.18505979999999,19.3813647,-99.16802390000001
52787,52787,19.4010652,-99.27717229999999,19.4010652,-99.27717229999999
4100,4330,19.3538129,-99.16360510000001,19.3366956,-99.15253399999999
3100,3100,19.3813647,-99.16802390000001,19.3813647,-99.16802390000001
11320,11520,19.4445835,-99.1746778,19.4409348,-99.18852079999999
3800,3200,19.3880449,-99.185752,19.3768213,-99.1746778
1840,11560,19.3319317,-99.2466874,19.4339168,-99.18787209999999
2440,2150,19.4898956,-99.2106745,19.4943198,-99.19613539999999
53310,3810,19.4881337,-99.23075659999999,19.3943574,-99.17744619999999
14120,10910,19.3078472,-99.220715,19.3033924,-99.24322389999999
62290,72650,18.9360255,-99.2162139,23.634501,-102.552784
6600,3100,19.4276061,-99.16083719999999,19.3813647,-99.16802390000001
5348,72810,19.3568681,-99.2756998,19.0518554,-98.2951581
53250,53126,19.5014463,-99.2584643,19.5198851,-99.27232169999999
53950,52789,19.4193192,-99.23698999999999,19.3885825,-99.2764794
11400,2070,19.4531418,-99.1802147,19.4734857,-99.185752
11540,11540,19.4315336,-99.19959689999999,19.4315336,-99.19959689999999
16020,1020,19.271182,-99.1373136,19.3585861,-99.185752
11650,11000,19.4313193,-99.21829129999999,19.420166,-99.2203687
3310,11870,19.3685426,-99.16360510000001,19.3996886,-99.18852079999999
11550,52774,19.4318149,-99.19405859999999,19.4223752,-99.29241909999999
53127,52994,19.5080091,-99.2525756,19.5210236,-99.250151
52780,11560,19.4113186,-99.2494583,19.4339168,-99.18787209999999
52780,11560,19.4113186,-99.2494583,19.4339168,-99.18787209999999
14430,3300,19.2775796,-99.17121739999999,19.3648912,-99.1483827
11650,11000,19.4313193,-99.21829129999999,19.420166,-99.2203687
3300,11000,19.3648912,-99.1483827,19.420166,-99.2203687
1030,1900,19.3559202,-99.1802147,19.3205752,-99.2092897
11000,11000,19.420166,-99.2203687,19.420166,-99.2203687
1330,52779,19.3698625,-99.26816420000002,19.4047023,-99.29241909999999
3660,3023,19.3754117,-99.1442316,19.393651,-99.14769079999999
6500,11560,19.4301322,-99.16914129999999,19.4339168,-99.18787209999999
2440,53310,19.4898956,-99.2106745,19.4881337,-99.23075659999999
3810,3810,19.3943574,-99.17744619999999,19.3943574,-99.17744619999999
1219,5330,19.3870901,-99.2407996,19.3563182,-99.2882606
11650,5100,19.4313193,-99.21829129999999,19.3822741,-99.2702429
76149,76149,20.627754,-100.3729496,20.627754,-100.3729496
4620,3600,19.3225231,-99.1414643,19.3807458,-99.15530160000002
6100,6100,19.4093682,-99.1719095,19.4093682,-99.1719095
1736,5348,23.634501,-102.552784,19.3568681,-99.2756998
3023,3730,19.393651,-99.14769079999999,19.3785056,-99.18505979999999
1020,1010,19.3585861,-99.185752,19.3611115,-99.19405859999999
1020,1010,19.3585861,-99.185752,19.3611115,-99.19405859999999
6600,3100,19.4276061,-99.16083719999999,19.3813647,-99.16802390000001
3020,3100,19.3940734,-99.1539178,19.3813647,-99.16802390000001
53140,53100,19.4939478,-99.2466874,19.5077027,-99.23698999999999
14376,14357,19.2932045,-99.1386972,19.2934821,-99.13316309999999
5270,52779,19.3669014,-99.297271,19.4047023,-99.29241909999999
11230,3100,19.4574859,-99.2106745,19.3813647,-99.16802390000001
52783,62166,19.4222516,-99.2660856,18.945821,-99.2484192
1780,1700,19.3392293,-99.21898379999999,19.3418937,-99.22452369999999
11230,3100,19.4574859,-99.2106745,19.3813647,-99.16802390000001
6100,6100,19.4093682,-99.1719095,19.4093682,-99.1719095
53950,52786,19.4193192,-99.23698999999999,19.4047195,-99.2633141
14110,3900,19.3012204,-99.2134442,19.3674235,-99.185752
3100,3100,19.3813647,-99.16802390000001,19.3813647,-99.16802390000001
11540,11560,19.4315336,-99.19959689999999,19.4339168,-99.18787209999999
53126,53100,19.5198851,-99.27232169999999,19.5077027,-99.23698999999999
3100,3740,19.3813647,-99.16802390000001,19.3765413,-99.1802147
53100,53250,19.5077027,-99.23698999999999,19.5014463,-99.2584643
11400,2070,19.4531418,-99.1802147,19.4734857,-99.185752
29087,86389,16.7331947,-93.11963589999999,18.2477268,-93.2294548
1780,1700,19.3392293,-99.21898379999999,19.3418937,-99.22452369999999
14110,3900,19.3012204,-99.2134442,19.3674235,-99.185752
3023,3020,19.393651,-99.14769079999999,19.3940734,-99.1539178
53126,53126,19.5198851,-99.27232169999999,19.5198851,-99.27232169999999
6100,6100,19.4093682,-99.1719095,19.4093682,-99.1719095
53126,52930,19.5198851,-99.27232169999999,19.5458167,-99.2979641
62853,52172,18.880673,-98.7797872,19.2722311,-99.57569339999999
76269,52774,20.6577776,-100.3420937,19.4223752,-99.29241909999999
46001,46001,23.634501,-102.552784,23.634501,-102.552784
3440,3020,19.3864947,-99.1435398,19.3940734,-99.1539178
3020,6030,19.3940734,-99.1539178,19.4360237,-99.1546097
5379,11910,19.3536015,-99.2873943,19.3909815,-99.24391659999999
6720,54190,19.4179232,-99.1483827,19.5385926,-99.0930528
53126,52930,19.5198851,-99.27232169999999,19.5458167,-99.2979641
57610,76230,19.4016613,-99.04674349999999,20.6976975,-100.4452756
11540,5129,19.4315336,-99.19959689999999,19.3929373,-99.2633141
11650,11600,19.4313193,-99.21829129999999,19.4365806,-99.2162139
4250,4330,19.3439785,-99.1248628,19.3366956,-99.15253399999999
3800,54730,19.3880449,-99.185752,19.6601261,-99.1954432
53900,11000,19.4327877,-99.2328344,19.420166,-99.2203687
11000,11000,19.420166,-99.2203687,19.420166,-99.2203687
3570,3300,19.3660806,-99.1393889,19.3648912,-99.1483827
53126,53126,19.5198851,-99.27232169999999,19.5198851,-99.27232169999999
6760,6700,19.405299,-99.16498910000001,19.4173639,-99.1594532
11000,11000,19.420166,-99.2203687,19.420166,-99.2203687
6100,3023,19.4093682,-99.1719095,19.393651,-99.14769079999999
3810,3730,19.3943574,-99.17744619999999,19.3785056,-99.18505979999999
5219,5219,19.3741313,-99.28548839999999,19.3741313,-99.28548839999999
14390,14390,19.2909523,-99.1248628,19.2909523,-99.1248628
3440,3020,19.3864947,-99.1435398,19.3940734,-99.1539178
52005,14427,19.2862459,-99.5047835,19.2721159,-99.1919819
6600,6600,19.4276061,-99.16083719999999,19.4276061,-99.16083719999999
1710,1710,19.3574644,-99.207905,19.3574644,-99.207905
4650,4100,19.3082873,-99.1463071,19.3538129,-99.16360510000001
1020,3100,19.3585861,-99.185752,19.3813647,-99.16802390000001
4320,3400,19.34189,-99.16637310000002,19.399121,-99.1414643
3020,10200,19.3940734,-99.1539178,19.3271667,-99.22452369999999
1430,3910,19.3651763,-99.23006409999999,19.3723335,-99.1905974
14390,14390,19.2909523,-99.1248628,19.2909523,-99.1248628
11590,52857,19.4326577,-99.17744619999999,23.634501,-102.552784
11540,5129,19.4315336,-99.19959689999999,19.3929373,-99.2633141
52787,52789,19.4010652,-99.27717229999999,19.3885825,-99.2764794
86000,86000,17.9979116,-92.9238378,17.9979116,-92.9238378
14250,14250,19.2811638,-99.2023662,19.2811638,-99.2023662
9099,3410,19.3567426,-99.12002129999999,19.3910535,-99.14077250000001
1219,5500,19.3870901,-99.2407996,19.3401429,-99.3094019
3020,3740,19.3940734,-99.1539178,19.3765413,-99.1802147
11529,3100,19.4431776,-99.2023662,19.3813647,-99.16802390000001
3820,3810,19.3946383,-99.1864442,19.3943574,-99.17744619999999
6600,6700,19.4276061,-99.16083719999999,19.4173639,-99.1594532
1020,3100,19.3585861,-99.185752,19.3813647,-99.16802390000001
11800,1180,19.4002495,-99.17744619999999,19.3868525,-99.19475090000002
53100,3810,19.5077027,-99.23698999999999,19.3943574,-99.17744619999999
6140,6100,19.4149803,-99.17744619999999,19.4093682,-99.1719095
11650,11600,19.4313193,-99.21829129999999,19.4365806,-99.2162139
53900,11000,19.4327877,-99.2328344,19.420166,-99.2203687
6700,6470,19.4173639,-99.1594532,19.4392516,-99.16360510000001
3920,11520,19.3726839,-99.18367549999999,19.4409348,-99.18852079999999
27105,27105,25.5887553,-103.4121672,25.5887553,-103.4121672
6170,11800,19.4089477,-99.1802147,19.4002495,-99.17744619999999
3020,3740,19.3940734,-99.1539178,19.3765413,-99.1802147
86000,86000,17.9979116,-92.9238378,17.9979116,-92.9238378
52005,14427,19.2862459,-99.5047835,19.2721159,-99.1919819
6140,6100,19.4149803,-99.17744619999999,19.4093682,-99.1719095
44500,45238,20.6700685,-103.3941112,20.602957,-103.4455735
45010,45030,20.6639401,-103.4533444,20.6638594,-103.4266138
11590,2800,19.4326577,-99.17744619999999,19.4633147,-99.1684492
53280,52995,19.481941,-99.26539269999999,19.5240411,-99.24876549999999
53280,52995,19.481941,-99.26539269999999,19.5240411,-99.24876549999999
3230,1780,19.3684751,-99.17952260000001,19.3392293,-99.21898379999999
72490,72490,18.9786824,-98.2500125,18.9786824,-98.2500125
6030,52169,19.4360237,-99.1546097,19.2625665,-99.63343909999999
6700,6760,19.4173639,-99.1594532,19.405299,-99.16498910000001
6010,6010,19.4406506,-99.1359301,19.4406506,-99.1359301
6760,3000,19.405299,-99.16498910000001,19.403193,-99.1556476
3100,52779,19.3813647,-99.16802390000001,19.4047023,-99.29241909999999
11560,11560,19.4339168,-99.18787209999999,19.4339168,-99.18787209999999
3650,3630,19.3756251,-99.1546097,19.3803931,-99.14769079999999
6100,6100,19.4093682,-99.1719095,19.4093682,-99.1719095
5330,1376,19.3563182,-99.2882606,19.3727472,-99.24650580000001
7369,7020,19.5002857,-99.1220962,19.4855507,-99.1220962
11560,14100,19.4339168,-99.18787209999999,19.2838297,-99.23698999999999
52987,54025,19.5392708,-99.2390679,19.5647203,-99.2096359
3810,5349,19.3943574,-99.17744619999999,23.634501,-102.552784
72490,72580,18.9786824,-98.2500125,19.0097542,-98.2144627
76116,14730,20.6346862,-100.464947,19.271489,-99.233527
11910,52786,19.3909815,-99.24391659999999,19.4047195,-99.2633141
3810,5349,19.3943574,-99.17744619999999,23.634501,-102.552784
6700,6700,19.4173639,-99.1594532,19.4173639,-99.1594532
3810,5349,19.3943574,-99.17744619999999,23.634501,-102.552784
5100,11000,19.3822741,-99.2702429,19.420166,-99.2203687
6700,6700,19.4173639,-99.1594532,19.4173639,-99.1594532
4650,4100,19.3082873,-99.1463071,19.3538129,-99.16360510000001
13270,13270,19.2868303,-99.0598732,19.2868303,-99.0598732
13270,13270,19.2868303,-99.0598732,19.2868303,-99.0598732
11840,53950,19.4089473,-99.19475090000002,19.4193192,-99.23698999999999
52787,52789,19.4010652,-99.27717229999999,19.3885825,-99.2764794
11000,6500,19.420166,-99.2203687,19.4301322,-99.16914129999999
3810,5349,19.3943574,-99.17744619999999,23.634501,-102.552784
3800,3600,19.3880449,-99.185752,19.3807458,-99.15530160000002
7369,7020,19.5002857,-99.1220962,19.4855507,-99.1220962
3810,3810,19.3943574,-99.17744619999999,19.3943574,-99.17744619999999
10810,10810,19.3113176,-99.2321418,19.3113176,-99.2321418
14110,3900,19.3012204,-99.2134442,19.3674235,-99.185752
5330,1376,19.3563182,-99.2882606,19.3727472,-99.24650580000001
14420,45030,19.2763904,-99.1802147,20.6638594,-103.4266138
2300,1800,19.4936933,-99.16498910000001,19.3292597,-99.2702429
77560,77533,21.0826539,-86.8571659,21.1390859,-86.84963979999999
6700,6760,19.4173639,-99.1594532,19.405299,-99.16498910000001
6720,3100,19.4179232,-99.1483827,19.3813647,-99.16802390000001
11590,11529,19.4326577,-99.17744619999999,19.4431776,-99.2023662
52787,52789,19.4010652,-99.27717229999999,19.3885825,-99.2764794
11560,11560,19.4339168,-99.18787209999999,19.4339168,-99.18787209999999
5000,5340,19.3557507,-99.2993504,19.3631066,-99.2789698
57100,57100,19.4918371,-99.0557268,19.4918371,-99.0557268
6100,6100,19.4093682,-99.1719095,19.4093682,-99.1719095
6100,6500,19.4093682,-99.1719095,19.4301322,-99.16914129999999
11000,52788,19.420166,-99.2203687,19.3954578,-99.2716288
5330,1376,19.3563182,-99.2882606,19.3727472,-99.24650580000001
10810,10810,19.3113176,-99.2321418,19.3113176,-99.2321418
11590,11529,19.4326577,-99.17744619999999,19.4431776,-99.2023662
6100,6500,19.4093682,-99.1719095,19.4301322,-99.16914129999999
53129,53126,19.5133735,-99.2556931,19.5198851,-99.27232169999999
1020,3100,19.3585861,-99.185752,19.3813647,-99.16802390000001
6500,6500,19.4301322,-99.16914129999999,19.4301322,-99.16914129999999
11320,11000,19.4445835,-99.1746778,19.420166,-99.2203687
6470,53126,19.4392516,-99.16360510000001,19.5198851,-99.27232169999999
11650,11000,19.4313193,-99.21829129999999,19.420166,-99.2203687
53280,52995,19.481941,-99.26539269999999,19.5240411,-99.24876549999999
52787,52789,19.4010652,-99.27717229999999,19.3885825,-99.2764794
11550,6100,19.4318149,-99.19405859999999,19.4093682,-99.1719095
11590,11529,19.4326577,-99.17744619999999,19.4431776,-99.2023662
53280,52995,19.481941,-99.26539269999999,19.5240411,-99.24876549999999
11000,11540,19.420166,-99.2203687,19.4315336,-99.19959689999999
11000,11540,19.420166,-99.2203687,19.4315336,-99.19959689999999
54030,54030,19.5465885,-99.1968277,19.5465885,-99.1968277
4500,14140,19.3051456,-99.19405859999999,19.3057082,-99.2266013
3310,3104,19.3685426,-99.16360510000001,19.3712091,-99.16914129999999
14260,5330,19.2824242,-99.1919819,19.3563182,-99.2882606
7620,2100,19.5250552,-99.17121739999999,19.5094012,-99.2037508
6500,3020,19.4301322,-99.16914129999999,19.3940734,-99.1539178
11000,11540,19.420166,-99.2203687,19.4315336,-99.19959689999999
1700,52787,19.3418937,-99.22452369999999,19.4010652,-99.27717229999999
3100,3300,19.3813647,-99.16802390000001,19.3648912,-99.1483827
3400,3020,19.399121,-99.1414643,19.3940734,-99.1539178
3000,6700,19.403193,-99.1556476,19.4173639,-99.1594532
45655,45645,20.554101,-103.336696,20.5753577,-103.4381723
1130,1130,19.3935148,-99.2085974,19.3935148,-99.2085974
1330,1330,19.3698625,-99.26816420000002,19.3698625,-99.26816420000002
1900,14140,19.3205752,-99.2092897,19.3057082,-99.2266013
53129,53126,19.5133735,-99.2556931,19.5198851,-99.27232169999999
2719,2719,19.4778276,-99.2162139,19.4778276,-99.2162139
3100,11300,19.3813647,-99.16802390000001,19.436516,-99.17398569999999
6100,6100,19.4093682,-99.1719095,19.4093682,-99.1719095
51200,51200,19.1628508,-100.1311163,19.1628508,-100.1311163
1700,58297,19.3418937,-99.22452369999999,19.6820557,-101.1670445
52784,52005,19.4201558,-99.2494583,19.2862459,-99.5047835
5270,53250,19.3669014,-99.297271,19.5014463,-99.2584643
3840,3800,19.3877638,-99.1767541,19.3880449,-99.185752
1700,52787,19.3418937,-99.22452369999999,19.4010652,-99.27717229999999
11000,11000,19.420166,-99.2203687,19.420166,-99.2203687
54180,54180,19.5188068,-99.10549859999999,19.5188068,-99.10549859999999
14387,14390,19.2875907,-99.13316309999999,19.2909523,-99.1248628
6470,6470,19.4392516,-99.16360510000001,19.4392516,-99.16360510000001
11560,6700,19.4339168,-99.18787209999999,19.4173639,-99.1594532
52930,52930,19.5458167,-99.2979641,19.5458167,-99.2979641
1210,11700,19.382987,-99.2418386,19.4010793,-99.24807279999999
1210,1210,19.382987,-99.2418386,19.382987,-99.2418386
3100,3104,19.3813647,-99.16802390000001,19.3712091,-99.16914129999999
4420,4420,19.3335822,-99.1253549,19.3335822,-99.1253549
11800,11800,19.4002495,-99.17744619999999,19.4002495,-99.17744619999999
6500,3020,19.4301322,-99.16914129999999,19.3940734,-99.1539178
11560,11560,19.4339168,-99.18787209999999,19.4339168,-99.18787209999999
54790,54790,23.634501,-102.552784,23.634501,-102.552784
3303,6760,19.3657583,-99.1511501,19.405299,-99.16498910000001
3303,6760,19.3657583,-99.1511501,19.405299,-99.16498910000001
11850,11550,19.4114729,-99.18852079999999,19.4318149,-99.19405859999999
54769,54769,19.5983736,-99.19267409999999,19.5983736,-99.19267409999999
4330,4330,19.3366956,-99.15253399999999,19.3366956,-99.15253399999999
11910,6100,19.3909815,-99.24391659999999,19.4093682,-99.1719095
3100,6600,19.3813647,-99.16802390000001,19.4276061,-99.16083719999999
11560,5120,19.4339168,-99.18787209999999,19.3904162,-99.25500029999999
11310,11310,19.4446183,-99.18125289999999,19.4446183,-99.18125289999999
11000,11950,19.420166,-99.2203687,19.4005243,-99.23006409999999
6700,6500,19.4173639,-99.1594532,19.4301322,-99.16914129999999
6450,51370,19.457351,-99.15530160000002,19.246374,-99.7581101
6170,6170,19.4089477,-99.1802147,19.4089477,-99.1802147
6470,52774,19.4392516,-99.16360510000001,19.4223752,-99.29241909999999
1740,1780,19.3498883,-99.2266013,19.3392293,-99.21898379999999
6700,6700,19.4173639,-99.1594532,19.4173639,-99.1594532
1219,52774,19.3870901,-99.2407996,19.4223752,-99.29241909999999
11850,11800,19.4114729,-99.18852079999999,19.4002495,-99.17744619999999
3020,16035,19.3940734,-99.1539178,19.2823921,-99.1193297
11540,11560,19.4315336,-99.19959689999999,19.4339168,-99.18787209999999
8400,3100,19.402751,-99.098584,19.3813647,-99.16802390000001
7969,15900,19.4619648,-99.0930528,19.4142597,-99.1041157
3810,3020,19.3943574,-99.17744619999999,19.3940734,-99.1539178
11529,3100,19.4431776,-99.2023662,19.3813647,-99.16802390000001
3700,11590,19.3820128,-99.18852079999999,19.4326577,-99.17744619999999
3020,4040,19.3940734,-99.1539178,19.3458119,-99.146999
1780,3840,19.3392293,-99.21898379999999,19.3877638,-99.1767541
4010,4010,19.3475023,-99.1719095,19.3475023,-99.1719095
11540,11560,19.4315336,-99.19959689999999,19.4339168,-99.18787209999999
3230,3230,19.3684751,-99.17952260000001,19.3684751,-99.17952260000001
3230,3230,19.3684751,-99.17952260000001,19.3684751,-99.17952260000001
6900,7800,19.4522974,-99.1386972,19.4736233,-99.1248628
5600,1700,19.3466476,-99.2757864,19.3418937,-99.22452369999999
2300,4250,19.4936933,-99.16498910000001,19.3439785,-99.1248628
8400,3100,19.402751,-99.098584,19.3813647,-99.16802390000001
6700,11460,19.4173639,-99.1594532,19.4447231,-99.1864442
5348,6100,19.3568681,-99.2756998,19.4093682,-99.1719095
10200,10000,19.3271667,-99.22452369999999,19.3145421,-99.24114589999999
14427,14240,19.2721159,-99.1919819,19.2919642,-99.2217537
11800,11800,19.4002495,-99.17744619999999,19.4002495,-99.17744619999999
11529,6700,19.4431776,-99.2023662,19.4173639,-99.1594532
1904,1820,19.3181557,-99.220715,19.3430097,-99.2532684
3020,3020,19.3940734,-99.1539178,19.3940734,-99.1539178
11800,3103,19.4002495,-99.17744619999999,19.3968781,-99.16553449999999
14427,14240,19.2721159,-99.1919819,19.2919642,-99.2217537
3020,3310,19.3940734,-99.1539178,19.3685426,-99.16360510000001
3104,3200,19.3712091,-99.16914129999999,19.3768213,-99.1746778
11000,52763,19.420166,-99.2203687,19.3916612,-99.2882606
1219,52774,19.3870901,-99.2407996,19.4223752,-99.29241909999999
4010,3104,19.3475023,-99.1719095,19.3712091,-99.16914129999999
3023,3100,19.393651,-99.14769079999999,19.3813647,-99.16802390000001
11400,3800,19.4531418,-99.1802147,19.3880449,-99.185752
10810,10810,19.3113176,-99.2321418,19.3113176,-99.2321418
4480,3300,19.3237725,-99.1165633,19.3648912,-99.1483827
9450,4330,19.3632737,-99.1366219,19.3366956,-99.15253399999999
5129,52780,19.3929373,-99.2633141,19.4113186,-99.2494583
3104,3100,19.3712091,-99.16914129999999,19.3813647,-99.16802390000001
45134,76230,20.76045,-103.4237244,20.6976975,-100.4452756
52930,52938,19.5458167,-99.2979641,19.574132,-99.3201479
3900,1020,19.3674235,-99.185752,19.3585861,-99.185752
6140,6170,19.4149803,-99.17744619999999,19.4089477,-99.1802147
6700,6700,19.4173639,-99.1594532,19.4173639,-99.1594532
1180,8900,19.3868525,-99.19475090000002,19.3832516,-99.10549859999999
9830,6880,19.3466089,-99.0723139,19.4050136,-99.1414643
5119,3900,19.3807372,-99.2570787,19.3674235,-99.185752
3104,52005,19.3712091,-99.16914129999999,19.2862459,-99.5047835
52930,52938,19.5458167,-99.2979641,19.574132,-99.3201479
3440,3540,19.3864947,-99.1435398,19.3753744,-99.1376595
10200,4100,19.3271667,-99.22452369999999,19.3538129,-99.16360510000001
7870,2080,19.4673105,-99.13316309999999,19.4649276,-99.1802147
3300,3300,19.3648912,-99.1483827,19.3648912,-99.1483827
6600,11800,19.4276061,-99.16083719999999,19.4002495,-99.17744619999999
3330,6140,19.362511,-99.16637310000002,19.4149803,-99.17744619999999
3330,6140,19.362511,-99.16637310000002,19.4149803,-99.17744619999999
6140,52764,19.4149803,-99.17744619999999,19.379596,-99.2938053
1180,8900,19.3868525,-99.19475090000002,19.3832516,-99.10549859999999
16600,5348,19.2517529,-99.0543447,19.3568681,-99.2756998
14420,1810,19.2763904,-99.1802147,19.3381002,-99.2556931
3100,3103,19.3813647,-99.16802390000001,19.3968781,-99.16553449999999
1210,11910,19.382987,-99.2418386,19.3909815,-99.24391659999999
3900,3900,19.3674235,-99.185752,19.3674235,-99.185752
11320,52005,19.4445835,-99.1746778,19.2862459,-99.5047835
3100,3103,19.3813647,-99.16802390000001,19.3968781,-99.16553449999999
3330,3023,19.362511,-99.16637310000002,19.393651,-99.14769079999999
11000,11510,19.420166,-99.2203687,19.4368626,-99.2106745
14390,14390,19.2909523,-99.1248628,19.2909523,-99.1248628
3720,3720,19.3806445,-99.1791765,19.3806445,-99.1791765
3600,3900,19.3807458,-99.15530160000002,19.3674235,-99.185752
3103,3103,19.3968781,-99.16553449999999,19.3968781,-99.16553449999999
11850,3023,19.4114729,-99.18852079999999,19.393651,-99.14769079999999
11560,5129,19.4339168,-99.18787209999999,19.3929373,-99.2633141
62448,62448,18.9173929,-99.2210612,18.9173929,-99.2210612
64346,64610,25.7471677,-100.409895,25.7087371,-100.3750554
3300,11800,19.3648912,-99.1483827,19.4002495,-99.17744619999999
52938,52938,19.574132,-99.3201479,19.574132,-99.3201479
7620,54140,19.5250552,-99.17121739999999,19.5451936,-99.16637310000002
64780,64610,25.625994,-100.2838507,25.7087371,-100.3750554
4100,4100,19.3538129,-99.16360510000001,19.3538129,-99.16360510000001
3650,3650,19.3756251,-99.1546097,19.3756251,-99.1546097
52227,53100,19.187336,-99.6080798,19.5077027,-99.23698999999999
4360,3303,19.3347383,-99.1767541,19.3657583,-99.1511501
6500,11529,19.4301322,-99.16914129999999,19.4431776,-99.2023662
11560,11560,19.4339168,-99.18787209999999,19.4339168,-99.18787209999999
11300,3600,19.436516,-99.17398569999999,19.3807458,-99.15530160000002
52779,52779,19.4047023,-99.29241909999999,19.4047023,-99.29241909999999
3300,9080,19.3648912,-99.1483827,19.35906,-99.1252086
6720,6500,19.4179232,-99.1483827,19.4301322,-99.16914129999999
3900,3900,19.3674235,-99.185752,19.3674235,-99.185752
3200,3730,19.3768213,-99.1746778,19.3785056,-99.18505979999999
4369,14050,19.3287038,-99.16498910000001,19.2947596,-99.16637310000002
11800,14250,19.4002495,-99.17744619999999,19.2811638,-99.2023662
3810,3840,19.3943574,-99.17744619999999,19.3877638,-99.1767541
76090,76910,20.5705002,-100.3582107,20.560574,-100.4346711
14120,14210,19.3078472,-99.220715,19.3017806,-99.2023662
14110,3900,19.3012204,-99.2134442,19.3674235,-99.185752
3100,3100,19.3813647,-99.16802390000001,19.3813647,-99.16802390000001
6100,3103,19.4093682,-99.1719095,19.3968781,-99.16553449999999
6100,3103,19.4093682,-99.1719095,19.3968781,-99.16553449999999
11700,52764,19.4010793,-99.24807279999999,19.379596,-99.2938053
4120,3020,19.3545104,-99.1497664,19.3940734,-99.1539178
3100,3100,19.3813647,-99.16802390000001,19.3813647,-99.16802390000001
3100,6760,19.3813647,-99.16802390000001,19.405299,-99.16498910000001
3810,3840,19.3943574,-99.17744619999999,19.3877638,-99.1767541
3810,3840,19.3943574,-99.17744619999999,19.3877638,-99.1767541
6100,6700,19.4093682,-99.1719095,19.4173639,-99.1594532
4440,4938,19.330505,-99.1144885,19.3097447,-99.11725489999999
4440,4938,19.330505,-99.1144885,19.3097447,-99.11725489999999
3100,6760,19.3813647,-99.16802390000001,19.405299,-99.16498910000001
1580,1588,23.634501,-102.552784,19.3480603,-99.24807279999999
6030,11650,19.4360237,-99.1546097,19.4313193,-99.21829129999999
8500,14310,19.3923495,-99.0709315,19.304702,-99.1297045
11550,3023,19.4318149,-99.19405859999999,19.393651,-99.14769079999999
11560,76269,19.4339168,-99.18787209999999,20.6577776,-100.3420937
1810,3600,19.3381002,-99.2556931,19.3807458,-99.15530160000002
8220,4470,19.3945573,-99.1297045,19.3291096,-99.1276295
6100,11800,19.4093682,-99.1719095,19.4002495,-99.17744619999999
11700,11000,19.4010793,-99.24807279999999,19.420166,-99.2203687
6100,6100,19.4093682,-99.1719095,19.4093682,-99.1719095
6760,6040,19.405299,-99.16498910000001,19.4269824,-99.1519716
11529,11550,19.4431776,-99.2023662,19.4318149,-99.19405859999999
5349,1580,23.634501,-102.552784,23.634501,-102.552784
11590,11590,19.4326577,-99.17744619999999,19.4326577,-99.17744619999999
6700,6500,19.4173639,-99.1594532,19.4301322,-99.16914129999999
77500,77500,21.1652753,-86.81701319999999,21.1652753,-86.81701319999999
6600,3920,19.4276061,-99.16083719999999,19.3726839,-99.18367549999999
6140,6100,19.4149803,-99.17744619999999,19.4093682,-99.1719095
3310,4100,19.3685426,-99.16360510000001,19.3538129,-99.16360510000001
1840,3700,19.3319317,-99.2466874,19.3820128,-99.18852079999999
5348,5348,19.3568681,-99.2756998,19.3568681,-99.2756998
11529,53950,19.4431776,-99.2023662,19.4193192,-99.23698999999999
6700,6720,19.4173639,-99.1594532,19.4179232,-99.1483827
1219,1870,19.3870901,-99.2407996,19.3262489,-99.2570787
6700,6700,19.4173639,-99.1594532,19.4173639,-99.1594532
6700,6720,19.4173639,-99.1594532,19.4179232,-99.1483827
11529,11529,19.4431776,-99.2023662,19.4431776,-99.2023662
10400,1000,19.319032,-99.2252163,19.3465231,-99.19128970000001
3500,8830,19.3809507,-99.1366219,19.3821398,-99.1276295
11320,11400,19.4445835,-99.1746778,19.4531418,-99.1802147
54020,54020,19.5500888,-99.214829,19.5500888,-99.214829
3730,10200,19.3785056,-99.18505979999999,19.3271667,-99.22452369999999
11529,6100,19.4431776,-99.2023662,19.4093682,-99.1719095
4310,9480,19.341471,-99.1746778,19.3574511,-99.1352383
3900,3100,19.3674235,-99.185752,19.3813647,-99.16802390000001
11529,11550,19.4431776,-99.2023662,19.4318149,-99.19405859999999
1900,1780,19.3205752,-99.2092897,19.3392293,-99.21898379999999
11800,3810,19.4002495,-99.17744619999999,19.3943574,-99.17744619999999
2780,52110,19.4736238,-99.19752,23.634501,-102.552784
11520,54130,19.4409348,-99.18852079999999,19.556559,-99.1746778
3100,11590,19.3813647,-99.16802390000001,19.4326577,-99.17744619999999
11550,3023,19.4318149,-99.19405859999999,19.393651,-99.14769079999999
3820,1180,19.3946383,-99.1864442,19.3868525,-99.19475090000002
11850,1376,19.4114729,-99.18852079999999,19.3727472,-99.24650580000001
3810,3660,19.3943574,-99.17744619999999,19.3754117,-99.1442316
6500,6500,19.4301322,-99.16914129999999,19.4301322,-99.16914129999999
3700,10000,19.3820128,-99.18852079999999,19.3145421,-99.24114589999999
3700,10000,19.3820128,-99.18852079999999,19.3145421,-99.24114589999999
11000,11000,19.420166,-99.2203687,19.420166,-99.2203687
11530,6700,19.4341982,-99.2051355,19.4173639,-99.1594532
51200,5000,19.1628508,-100.1311163,19.3557507,-99.2993504
11540,11550,19.4315336,-99.19959689999999,19.4318149,-99.19405859999999
11000,11560,19.420166,-99.2203687,19.4339168,-99.18787209999999
6500,6500,19.4301322,-99.16914129999999,19.4301322,-99.16914129999999
3700,3700,19.3820128,-99.18852079999999,19.3820128,-99.18852079999999
11590,11520,19.4326577,-99.17744619999999,19.4409348,-99.18852079999999
11590,11520,19.4326577,-99.17744619999999,19.4409348,-99.18852079999999
11590,11520,19.4326577,-99.17744619999999,19.4409348,-99.18852079999999
3740,3200,19.3765413,-99.1802147,19.3768213,-99.1746778
9030,9030,19.3871686,-99.08613919999999,19.3871686,-99.08613919999999
52787,52779,19.4010652,-99.27717229999999,19.4047023,-99.29241909999999
11540,11550,19.4315336,-99.19959689999999,19.4318149,-99.19405859999999
52937,52938,19.5691005,-99.30350949999999,19.574132,-99.3201479
1376,1376,19.3727472,-99.24650580000001,19.3727472,-99.24650580000001
1810,1720,19.3381002,-99.2556931,19.3416095,-99.2446093
3740,3200,19.3765413,-99.1802147,19.3768213,-99.1746778
14090,14630,19.27898,-99.1653351,19.2741415,-99.16637310000002
52104,52104,19.2637548,-99.5409261,19.2637548,-99.5409261
1080,14010,19.3391597,-99.20582789999999,19.2986234,-99.1919819
2830,11800,19.4678395,-99.1736397,19.4002495,-99.17744619999999
2970,2970,19.4668224,-99.1573774,19.4668224,-99.1573774
11450,3330,19.4475288,-99.189213,19.362511,-99.16637310000002
6100,9060,19.4093682,-99.1719095,19.3651571,-99.11379699999999
1080,14010,19.3391597,-99.20582789999999,19.2986234,-99.1919819
1080,14010,19.3391597,-99.20582789999999,19.2986234,-99.1919819
11950,6140,19.4005243,-99.23006409999999,19.4149803,-99.17744619999999
6700,6140,19.4173639,-99.1594532,19.4149803,-99.17744619999999
1210,1210,19.382987,-99.2418386,19.382987,-99.2418386
1210,1210,19.382987,-99.2418386,19.382987,-99.2418386
1900,10200,19.3205752,-99.2092897,19.3271667,-99.22452369999999
3200,3200,19.3768213,-99.1746778,19.3768213,-99.1746778
8500,8500,19.3923495,-99.0709315,19.3923495,-99.0709315
1090,4340,19.3395802,-99.19752,19.3390881,-99.18540589999999
3300,4480,19.3648912,-99.1483827,19.3237725,-99.1165633
77505,77506,21.1492041,-86.8333292,21.1493907,-86.8433672
4040,4040,19.3458119,-99.146999,19.3458119,-99.146999
3660,90606,19.3754117,-99.1442316,19.3628731,-98.20216099999999
76246,76246,20.5978332,-100.3302686,20.5978332,-100.3302686
3200,3200,19.3768213,-99.1746778,19.3768213,-99.1746778
6470,6470,19.4392516,-99.16360510000001,19.4392516,-99.16360510000001
4330,4330,19.3366956,-99.15253399999999,19.3366956,-99.15253399999999
1289,1289,19.3828186,-99.20894360000001,19.3828186,-99.20894360000001
1210,1210,19.382987,-99.2418386,19.382987,-99.2418386
11700,11700,19.4010793,-99.24807279999999,19.4010793,-99.24807279999999
54020,52989,19.5500888,-99.214829,19.5368619,-99.2716288
11650,11920,19.4313193,-99.21829129999999,19.3993998,-99.2376827
3810,3710,19.3943574,-99.17744619999999,19.3832047,-99.17952260000001
10400,10350,19.319032,-99.2252163,19.3134149,-99.2633141
1080,14010,19.3391597,-99.20582789999999,19.2986234,-99.1919819
3020,3020,19.3940734,-99.1539178,19.3940734,-99.1539178
3100,3100,19.3813647,-99.16802390000001,19.3813647,-99.16802390000001
11700,52779,19.4010793,-99.24807279999999,19.4047023,-99.29241909999999
1080,14010,19.3391597,-99.20582789999999,19.2986234,-99.1919819
5100,11950,19.3822741,-99.2702429,19.4005243,-99.23006409999999
1080,14010,19.3391597,-99.20582789999999,19.2986234,-99.1919819
8500,8500,19.3923495,-99.0709315,19.3923495,-99.0709315
11950,6700,19.4005243,-99.23006409999999,19.4173639,-99.1594532
1700,1700,19.3418937,-99.22452369999999,19.3418937,-99.22452369999999
1000,14250,19.3465231,-99.19128970000001,19.2811638,-99.2023662
3810,3710,19.3943574,-99.17744619999999,19.3832047,-99.17952260000001
3600,3310,19.3807458,-99.15530160000002,19.3685426,-99.16360510000001
11510,11510,19.4368626,-99.2106745,19.4368626,-99.2106745
6100,9060,19.4093682,-99.1719095,19.3651571,-99.11379699999999
4530,4530,19.3057046,-99.18298329999999,19.3057046,-99.18298329999999
3810,3810,19.3943574,-99.17744619999999,19.3943574,-99.17744619999999
4600,4600,19.3115869,-99.1539178,19.3115869,-99.1539178
1080,14010,19.3391597,-99.20582789999999,19.2986234,-99.1919819
11510,11510,19.4368626,-99.2106745,19.4368626,-99.2106745
4250,4250,19.3439785,-99.1248628,19.3439785,-99.1248628
3020,3610,19.3940734,-99.1539178,19.3821451,-99.1421561
1430,50230,19.3651763,-99.23006409999999,19.3480165,-99.5959022
2125,2060,23.634501,-102.552784,19.4739077,-99.17744619999999
6000,6000,19.4302678,-99.1373136,19.4302678,-99.1373136
11000,52784,19.420166,-99.2203687,19.4201558,-99.2494583
14370,3103,19.2957335,-99.146999,19.3968781,-99.16553449999999
6700,6700,19.4173639,-99.1594532,19.4173639,-99.1594532
4938,14330,19.3097447,-99.11725489999999,19.2954306,-99.1089562
6760,6760,19.405299,-99.16498910000001,19.405299,-99.16498910000001
10640,3940,19.2991128,-99.25500029999999,19.3655292,-99.17952260000001
54150,54150,19.538595,-99.1802147,19.538595,-99.1802147
6760,6700,19.405299,-99.16498910000001,19.4173639,-99.1594532
1090,5600,19.3395802,-99.19752,19.3466476,-99.2757864
5129,5360,19.3929373,-99.2633141,19.3539321,-99.291726
5240,52774,19.3647364,-99.28202329999999,19.4223752,-99.29241909999999
6140,11000,19.4149803,-99.17744619999999,19.420166,-99.2203687
6760,6700,19.405299,-99.16498910000001,19.4173639,-99.1594532
14150,14150,19.3012202,-99.22798639999999,19.3012202,-99.22798639999999
44900,45601,20.6570961,-103.3668867,20.5947058,-103.3962778
5100,1330,19.3822741,-99.2702429,19.3698625,-99.26816420000002
76146,76090,20.6182789,-100.3469826,20.5705002,-100.3582107
6100,6700,19.4093682,-99.1719095,19.4173639,-99.1594532
44220,45133,20.7093051,-103.3500652,20.763189,-103.3890559
52937,52937,19.5691005,-99.30350949999999,19.5691005,-99.30350949999999
11590,11500,19.4326577,-99.17744619999999,19.4398745,-99.211348
7300,7300,19.4939722,-99.1303962,19.4939722,-99.1303962
3240,3020,19.3628631,-99.17398569999999,19.3940734,-99.1539178
3100,3100,19.3813647,-99.16802390000001,19.3813647,-99.16802390000001
7850,2950,19.4662519,-99.11033920000001,19.469769,-99.1573774
5348,11520,19.3568681,-99.2756998,19.4409348,-99.18852079999999
76177,14350,20.5835718,-100.4220969,19.3021418,-99.1293587
52143,52143,19.2346443,-99.5909956,19.2346443,-99.5909956
5348,11520,19.3568681,-99.2756998,19.4409348,-99.18852079999999
1330,1210,19.3698625,-99.26816420000002,19.382987,-99.2418386
52787,1710,19.4010652,-99.27717229999999,19.3574644,-99.207905
77509,77509,21.162626,-86.8345841,21.162626,-86.8345841
11540,3330,19.4315336,-99.19959689999999,19.362511,-99.16637310000002
7850,2950,19.4662519,-99.11033920000001,19.469769,-99.1573774
45640,45047,20.4625968,-103.4800805,20.6596031,-103.4157787
11540,3330,19.4315336,-99.19959689999999,19.362511,-99.16637310000002
44220,44220,20.7093051,-103.3500652,20.7093051,-103.3500652
10700,10700,19.3131415,-99.2252163,19.3131415,-99.2252163
11700,53950,19.4010793,-99.24807279999999,19.4193192,-99.23698999999999
10700,10700,19.3131415,-99.2252163,19.3131415,-99.2252163
10700,10700,19.3131415,-99.2252163,19.3131415,-99.2252163
3810,3100,19.3943574,-99.17744619999999,19.3813647,-99.16802390000001
3820,3230,19.3946383,-99.1864442,19.3684751,-99.17952260000001
14120,10200,19.3078472,-99.220715,19.3271667,-99.22452369999999
1760,1710,19.3495394,-99.2044432,19.3574644,-99.207905
11560,11500,19.4339168,-99.18787209999999,19.4398745,-99.211348
4700,4700,19.3092084,-99.1719095,19.3092084,-99.1719095
3100,3104,19.3813647,-99.16802390000001,19.3712091,-99.16914129999999
54020,52930,19.5500888,-99.214829,19.5458167,-99.2979641
3550,3550,19.3734459,-99.1393889,19.3734459,-99.1393889
6760,11560,19.405299,-99.16498910000001,19.4339168,-99.18787209999999
5320,5120,19.3617203,-99.2834093,19.3904162,-99.25500029999999
6470,6470,19.4392516,-99.16360510000001,19.4392516,-99.16360510000001
5349,5348,23.634501,-102.552784,19.3568681,-99.2756998
14140,1790,19.3057082,-99.2266013,19.3446999,-99.21275179999999
11000,11000,19.420166,-99.2203687,19.420166,-99.2203687
64300,66035,25.7154112,-100.3532982,25.7598428,-100.4351701
77560,77560,21.0826539,-86.8571659,21.0826539,-86.8571659
3104,3104,19.3712091,-99.16914129999999,19.3712091,-99.16914129999999
53140,6170,19.4939478,-99.2466874,19.4089477,-99.1802147
7850,2250,19.4662519,-99.11033920000001,19.4920787,-99.1750238
3100,53830,19.3813647,-99.16802390000001,19.4316558,-99.25500029999999
1049,1049,19.3529057,-99.19613539999999,19.3529057,-99.19613539999999
1700,4010,19.3418937,-99.22452369999999,19.3475023,-99.1719095
52930,52930,19.5458167,-99.2979641,19.5458167,-99.2979641
3100,52763,19.3813647,-99.16802390000001,19.3916612,-99.2882606
3100,52763,19.3813647,-99.16802390000001,19.3916612,-99.2882606
11300,52778,19.436516,-99.17398569999999,19.4124301,-99.27093579999999
52900,52989,19.5645202,-99.2494583,19.5368619,-99.2716288
52787,11000,19.4010652,-99.27717229999999,19.420166,-99.2203687
5100,11000,19.3822741,-99.2702429,19.420166,-99.2203687
3023,3020,19.393651,-99.14769079999999,19.3940734,-99.1539178
6100,6100,19.4093682,-99.1719095,19.4093682,-99.1719095
3840,6700,19.3877638,-99.1767541,19.4173639,-99.1594532
3810,3810,19.3943574,-99.17744619999999,19.3943574,-99.17744619999999
52900,52989,19.5645202,-99.2494583,19.5368619,-99.2716288
1219,5130,19.3870901,-99.2407996,23.634501,-102.552784
9440,4230,19.3731619,-99.1303962,19.3542204,-99.12624609999999
52930,52930,19.5458167,-99.2979641,19.5458167,-99.2979641
11000,11000,19.420166,-99.2203687,19.420166,-99.2203687
6500,6500,19.4301322,-99.16914129999999,19.4301322,-99.16914129999999
6700,11530,19.4173639,-99.1594532,19.4341982,-99.2051355
4200,4200,19.3434226,-99.1359301,19.3434226,-99.1359301
3330,11910,19.362511,-99.16637310000002,19.3909815,-99.24391659999999
1050,3100,19.3491873,-99.1822911,19.3813647,-99.16802390000001
3330,11910,19.362511,-99.16637310000002,19.3909815,-99.24391659999999
10200,10200,19.3271667,-99.22452369999999,19.3271667,-99.22452369999999
3650,3103,19.3756251,-99.1546097,19.3968781,-99.16553449999999
52766,54090,19.3555874,-99.33124199999999,19.5262433,-99.19128970000001
7010,6870,19.4962144,-99.11518009999999,19.4122358,-99.1297045
52977,52967,19.5520217,-99.2633141,19.5592569,-99.2515365
6760,5100,19.405299,-99.16498910000001,19.3822741,-99.2702429
11520,11520,19.4409348,-99.18852079999999,19.4409348,-99.18852079999999
3020,11320,19.3940734,-99.1539178,19.4445835,-99.1746778
6600,6100,19.4276061,-99.16083719999999,19.4093682,-99.1719095
16030,16010,19.2644415,-99.1248628,19.279031,-99.1276295
2070,2730,19.4734857,-99.185752,19.4797986,-99.1919819
52978,54080,19.5562493,-99.2383753,19.5203389,-99.2203687
56213,3920,19.5405274,-98.8617776,19.3726839,-99.18367549999999
54946,2410,19.6098858,-99.18367549999999,19.5039268,-99.20998209999999
3500,8830,19.3809507,-99.1366219,19.3821398,-99.1276295
3530,8830,19.3869129,-99.1352383,19.3821398,-99.1276295
11000,3710,19.420166,-99.2203687,19.3832047,-99.17952260000001
2070,2730,19.4734857,-99.185752,19.4797986,-99.1919819
3710,3800,19.3832047,-99.17952260000001,19.3880449,-99.185752
3710,3800,19.3832047,-99.17952260000001,19.3880449,-99.185752
11000,11000,19.420166,-99.2203687,19.420166,-99.2203687
1130,11800,19.3935148,-99.2085974,19.4002495,-99.17744619999999
3650,3103,19.3756251,-99.1546097,19.3968781,-99.16553449999999
10400,10400,19.319032,-99.2252163,19.319032,-99.2252163
6600,6760,19.4276061,-99.16083719999999,19.405299,-99.16498910000001
6140,11520,19.4149803,-99.17744619999999,19.4409348,-99.18852079999999
3810,3810,19.3943574,-99.17744619999999,19.3943574,-99.17744619999999
3810,3810,19.3943574,-99.17744619999999,19.3943574,-99.17744619999999
3730,3930,19.3785056,-99.18505979999999,19.3653898,-99.1895591
11000,11560,19.420166,-99.2203687,19.4339168,-99.18787209999999
11320,11000,19.4445835,-99.1746778,19.420166,-99.2203687
11320,11000,19.4445835,-99.1746778,19.420166,-99.2203687
11320,11000,19.4445835,-99.1746778,19.420166,-99.2203687
11520,11520,19.4409348,-99.18852079999999,19.4409348,-99.18852079999999
11000,11000,19.420166,-99.2203687,19.420166,-99.2203687
11000,11000,19.420166,-99.2203687,19.420166,-99.2203687
11520,11520,19.4409348,-99.18852079999999,19.4409348,-99.18852079999999
11520,11520,19.4409348,-99.18852079999999,19.4409348,-99.18852079999999
11000,11000,19.420166,-99.2203687,19.420166,-99.2203687
11520,11520,19.4409348,-99.18852079999999,19.4409348,-99.18852079999999
11000,11000,19.420166,-99.2203687,19.420166,-99.2203687
11000,11000,19.420166,-99.2203687,19.420166,-99.2203687
11000,11550,19.420166,-99.2203687,19.4318149,-99.19405859999999
11550,11550,19.4318149,-99.19405859999999,19.4318149,-99.19405859999999
11000,11000,19.420166,-99.2203687,19.420166,-99.2203687
11000,11000,19.420166,-99.2203687,19.420166,-99.2203687
11000,11560,19.420166,-99.2203687,19.4339168,-99.18787209999999
11000,11560,19.420166,-99.2203687,19.4339168,-99.18787209999999
11000,11560,19.420166,-99.2203687,19.4339168,-99.18787209999999
3900,3900,19.3674235,-99.185752,19.3674235,-99.185752
3570,3570,19.3660806,-99.1393889,19.3660806,-99.1393889
57130,57130,19.4806013,-99.04467059999999,19.4806013,-99.04467059999999
9880,14308,19.3251564,-99.08890459999999,19.299508,-99.12313359999999
5270,5270,19.3669014,-99.297271,19.3669014,-99.297271
5270,5270,19.3669014,-99.297271,19.3669014,-99.297271
3810,3810,19.3943574,-99.17744619999999,19.3943574,-99.17744619999999
52770,53110,19.4281431,-99.2660856,19.515202,-99.24876549999999
3200,3200,19.3768213,-99.1746778,19.3768213,-99.1746778
6920,3300,19.457911,-99.1442316,19.3648912,-99.1483827
11590,11590,19.4326577,-99.17744619999999,19.4326577,-99.17744619999999
11590,3555,19.4326577,-99.17744619999999,23.634501,-102.552784
11800,3810,19.4002495,-99.17744619999999,19.3943574,-99.17744619999999
4330,4330,19.3366956,-99.15253399999999,19.3366956,-99.15253399999999
3800,3810,19.3880449,-99.185752,19.3943574,-99.17744619999999
3100,11700,19.3813647,-99.16802390000001,19.4010793,-99.24807279999999
3570,3570,19.3660806,-99.1393889,19.3660806,-99.1393889
66196,66367,25.6550639,-100.44791,25.7007081,-100.5021488
1040,4010,19.3560616,-99.1919819,19.3475023,-99.1719095
10500,10500,19.3125794,-99.2362974,19.3125794,-99.2362974
3310,3340,19.3685426,-99.16360510000001,19.359984,-99.1580693
53840,52780,19.4323636,-99.24114589999999,19.4113186,-99.2494583
53840,52780,19.4323636,-99.24114589999999,19.4113186,-99.2494583
3840,1700,19.3877638,-99.1767541,19.3418937,-99.22452369999999
4000,4000,19.3486926,-99.16291310000001,19.3486926,-99.16291310000001
4230,4230,19.3542204,-99.12624609999999,19.3542204,-99.12624609999999
3240,3240,19.3628631,-99.17398569999999,19.3628631,-99.17398569999999
6920,3300,19.457911,-99.1442316,19.3648912,-99.1483827
52785,52787,19.41117,-99.26677839999999,19.4010652,-99.27717229999999
3510,8200,19.3965929,-99.13316309999999,19.4003804,-99.13108799999999
14260,3100,19.2824242,-99.1919819,19.3813647,-99.16802390000001
11370,53100,19.441146,-99.1698333,19.5077027,-99.23698999999999
11320,3330,19.4445835,-99.1746778,19.362511,-99.16637310000002
7750,7458,19.4929918,-99.1497664,19.4835622,-99.09211239999999
54985,56614,19.6601542,-99.10826469999999,19.2716366,-98.9348837
14260,3100,19.2824242,-99.1919819,19.3813647,-99.16802390000001
51200,52780,19.1628508,-100.1311163,19.4113186,-99.2494583
14050,1080,19.2947596,-99.16637310000002,19.3391597,-99.20582789999999
6100,11550,19.4093682,-99.1719095,19.4318149,-99.19405859999999
6600,3810,19.4276061,-99.16083719999999,19.3943574,-99.17744619999999
3700,3340,19.3820128,-99.18852079999999,19.359984,-99.1580693
53220,11520,19.5024215,-99.26816420000002,19.4409348,-99.18852079999999
52780,52780,19.4113186,-99.2494583,19.4113186,-99.2494583
13273,14376,19.284294,-99.0422236,19.2932045,-99.1386972
6700,11590,19.4173639,-99.1594532,19.4326577,-99.17744619999999
44660,44660,20.7056713,-103.3962778,20.7056713,-103.3962778
52776,52776,19.4161078,-99.2782118,19.4161078,-99.2782118
56570,2970,19.3161908,-98.89763239999999,19.4668224,-99.1573774
11200,3100,19.4477344,-99.21413659999999,19.3813647,-99.16802390000001
2950,2800,19.469769,-99.1573774,19.4633147,-99.1684492
14250,4509,19.2811638,-99.2023662,23.634501,-102.552784
53840,52785,19.4323636,-99.24114589999999,19.41117,-99.26677839999999
11850,11850,19.4114729,-99.18852079999999,19.4114729,-99.18852079999999
52780,52780,19.4113186,-99.2494583,19.4113186,-99.2494583
1219,1219,19.3870901,-99.2407996,19.3870901,-99.2407996
11590,11590,19.4326577,-99.17744619999999,19.4326577,-99.17744619999999
5500,5410,19.3401429,-99.3094019,19.3323138,-99.3256947
6140,6170,19.4149803,-99.17744619999999,19.4089477,-99.1802147
3700,3340,19.3820128,-99.18852079999999,19.359984,-99.1580693
11200,3100,19.4477344,-99.21413659999999,19.3813647,-99.16802390000001
6140,6170,19.4149803,-99.17744619999999,19.4089477,-99.1802147
5330,1310,19.3563182,-99.2882606,19.3809493,-99.252922
11529,52764,19.4431776,-99.2023662,19.379596,-99.2938053
6850,4100,19.4046606,-99.13385489999999,19.3538129,-99.16360510000001
11000,11700,19.420166,-99.2203687,19.4010793,-99.24807279999999
6700,11850,19.4173639,-99.1594532,19.4114729,-99.18852079999999
52937,52966,19.5691005,-99.30350949999999,19.5652097,-99.26469980000002
14357,4620,19.2934821,-99.13316309999999,19.3225231,-99.1414643
6600,11850,19.4276061,-99.16083719999999,19.4114729,-99.18852079999999
52774,53800,19.4223752,-99.29241909999999,19.4313724,-99.2605428
4700,3200,19.3092084,-99.1719095,19.3768213,-99.1746778
7580,6450,19.4785212,-99.08613919999999,19.457351,-99.15530160000002
7580,6450,19.4785212,-99.08613919999999,19.457351,-99.15530160000002
53120,53117,19.5097158,-99.26955,19.5110951,-99.2534416
55075,14710,19.5935869,-99.02532599999999,19.2145533,-99.2092897
52785,11560,19.41117,-99.26677839999999,19.4339168,-99.18787209999999
53100,5260,19.5077027,-99.23698999999999,19.3667284,-99.2934588
11000,11659,19.420166,-99.2203687,23.634501,-102.552784
3550,14250,19.3734459,-99.1393889,19.2811638,-99.2023662
3810,4310,19.3943574,-99.17744619999999,19.341471,-99.1746778
53950,11560,19.4193192,-99.23698999999999,19.4339168,-99.18787209999999
1780,1580,19.3392293,-99.21898379999999,23.634501,-102.552784
45609,45609,20.5991852,-103.4136118,20.5991852,-103.4136118
2500,1780,19.4720842,-99.1698333,19.3392293,-99.21898379999999
11320,52780,19.4445835,-99.1746778,19.4113186,-99.2494583
6700,11560,19.4173639,-99.1594532,19.4339168,-99.18787209999999
4310,4360,19.341471,-99.1746778,19.3347383,-99.1767541
14308,14390,19.299508,-99.12313359999999,19.2909523,-99.1248628
4330,1050,19.3366956,-99.15253399999999,19.3491873,-99.1822911
1210,1330,19.382987,-99.2418386,19.3698625,-99.26816420000002
1020,1020,19.3585861,-99.185752,19.3585861,-99.185752
3100,3720,19.3813647,-99.16802390000001,19.3806445,-99.1791765
3810,3810,19.3943574,-99.17744619999999,19.3943574,-99.17744619999999
6760,6760,19.405299,-99.16498910000001,19.405299,-99.16498910000001
3500,52140,19.3809507,-99.1366219,19.2536973,-99.5923868
52780,52780,19.4113186,-99.2494583,19.4113186,-99.2494583
53840,52785,19.4323636,-99.24114589999999,19.41117,-99.26677839999999
11560,11650,19.4339168,-99.18787209999999,19.4313193,-99.21829129999999
55075,14710,19.5935869,-99.02532599999999,19.2145533,-99.2092897
3020,3650,19.3940734,-99.1539178,19.3756251,-99.1546097
6500,3810,19.4301322,-99.16914129999999,19.3943574,-99.17744619999999
4318,52005,19.3412475,-99.183971,19.2862459,-99.5047835
1810,1810,19.3381002,-99.2556931,19.3381002,-99.2556931
54050,52945,19.5332442,-99.2272939,19.5628438,-99.2390679
14150,14150,19.3012202,-99.22798639999999,19.3012202,-99.22798639999999
6700,3100,19.4173639,-99.1594532,19.3813647,-99.16802390000001
52783,52784,19.4222516,-99.2660856,19.4201558,-99.2494583
6700,11560,19.4173639,-99.1594532,19.4339168,-99.18787209999999
44610,44610,20.7021029,-103.367393,20.7021029,-103.367393
1130,1720,19.3935148,-99.2085974,19.3416095,-99.2446093
3100,3100,19.3813647,-99.16802390000001,19.3813647,-99.16802390000001
52785,52787,19.41117,-99.26677839999999,19.4010652,-99.27717229999999
1780,1780,19.3392293,-99.21898379999999,19.3392293,-99.21898379999999
1710,10900,19.3574644,-99.207905,19.2891574,-99.24807279999999
1219,1219,19.3870901,-99.2407996,19.3870901,-99.2407996
8400,3104,19.402751,-99.098584,19.3712091,-99.16914129999999
11850,6700,19.4114729,-99.18852079999999,19.4173639,-99.1594532
52780,52780,19.4113186,-99.2494583,19.4113186,-99.2494583
6600,6600,19.4276061,-99.16083719999999,19.4276061,-99.16083719999999
11850,6170,19.4114729,-99.18852079999999,19.4089477,-99.1802147
11850,6170,19.4114729,-99.18852079999999,19.4089477,-99.1802147
6760,3300,19.405299,-99.16498910000001,19.3648912,-99.1483827
2080,2080,19.4649276,-99.1802147,19.4649276,-99.1802147
3200,1430,19.3768213,-99.1746778,19.3651763,-99.23006409999999
6500,14050,19.4301322,-99.16914129999999,19.2947596,-99.16637310000002
1219,1219,19.3870901,-99.2407996,19.3870901,-99.2407996
3200,3440,19.3768213,-99.1746778,19.3864947,-99.1435398
2470,6400,19.4826041,-99.19475090000002,19.4468279,-99.1594532
3840,3840,19.3877638,-99.1767541,19.3877638,-99.1767541
53950,53950,19.4193192,-99.23698999999999,19.4193192,-99.23698999999999
6140,11550,19.4149803,-99.17744619999999,19.4318149,-99.19405859999999
14050,14050,19.2947596,-99.16637310000002,19.2947596,-99.16637310000002
3100,3810,19.3813647,-99.16802390000001,19.3943574,-99.17744619999999
3650,3300,19.3756251,-99.1546097,19.3648912,-99.1483827
10200,1760,19.3271667,-99.22452369999999,19.3495394,-99.2044432
52774,52774,19.4223752,-99.29241909999999,19.4223752,-99.29241909999999
15830,15830,19.4109715,-99.1255544,19.4109715,-99.1255544
5320,5500,19.3617203,-99.2834093,19.3401429,-99.3094019
10200,1760,19.3271667,-99.22452369999999,19.3495394,-99.2044432
11000,3103,19.420166,-99.2203687,19.3968781,-99.16553449999999
1790,1790,19.3446999,-99.21275179999999,19.3446999,-99.21275179999999
5000,53950,19.3557507,-99.2993504,19.4193192,-99.23698999999999
11850,3100,19.4114729,-99.18852079999999,19.3813647,-99.16802390000001
1480,1480,19.3674239,-99.2002892,19.3674239,-99.2002892
52764,52788,19.379596,-99.2938053,19.3954578,-99.2716288
6470,6470,19.4392516,-99.16360510000001,19.4392516,-99.16360510000001
61067,6100,19.82023,-100.1535196,19.4093682,-99.1719095
76146,3023,20.6182789,-100.3469826,19.393651,-99.14769079999999
3940,3103,19.3655292,-99.17952260000001,19.3968781,-99.16553449999999
53140,5270,19.4939478,-99.2466874,19.3669014,-99.297271
52977,54020,19.5520217,-99.2633141,19.5500888,-99.214829
6070,6070,19.4296297,-99.14581749999999,19.4296297,-99.14581749999999
6500,6760,19.4301322,-99.16914129999999,19.405299,-99.16498910000001
3020,1010,19.3940734,-99.1539178,19.3611115,-99.19405859999999
3840,11590,19.3877638,-99.1767541,19.4326577,-99.17744619999999
6720,14710,19.4179232,-99.1483827,19.2145533,-99.2092897
52938,52937,19.574132,-99.3201479,19.5691005,-99.30350949999999
6100,6100,19.4093682,-99.1719095,19.4093682,-99.1719095
5240,5130,19.3647364,-99.28202329999999,23.634501,-102.552784
6100,3100,19.4093682,-99.1719095,19.3813647,-99.16802390000001
11800,3020,19.4002495,-99.17744619999999,19.3940734,-99.1539178
11540,11540,19.4315336,-99.19959689999999,19.4315336,-99.19959689999999
11000,11040,19.420166,-99.2203687,19.42287,-99.2034047
76086,76910,20.5622451,-100.39752,20.560574,-100.4346711
3650,3300,19.3756251,-99.1546097,19.3648912,-99.1483827
14150,14150,19.3012202,-99.22798639999999,19.3012202,-99.22798639999999
54025,6720,19.5647203,-99.2096359,19.4179232,-99.1483827
6070,6070,19.4296297,-99.14581749999999,19.4296297,-99.14581749999999
62553,66024,18.8982931,-99.176062,25.7656827,-100.4316026
2230,53130,19.5002866,-99.1802147,19.5019553,-99.2269476
22000,22040,32.5320936,-117.0352732,32.5187088,-117.0308591
11560,11560,19.4339168,-99.18787209999999,19.4339168,-99.18787209999999
6760,6760,19.405299,-99.16498910000001,19.405299,-99.16498910000001
1219,11000,19.3870901,-99.2407996,19.420166,-99.2203687
4700,4700,19.3092084,-99.1719095,19.3092084,-99.1719095
1780,5348,19.3392293,-99.21898379999999,19.3568681,-99.2756998
6140,6600,19.4149803,-99.17744619999999,19.4276061,-99.16083719999999
1219,11000,19.3870901,-99.2407996,19.420166,-99.2203687
6720,14710,19.4179232,-99.1483827,19.2145533,-99.2092897
7369,1900,19.5002857,-99.1220962,19.3205752,-99.2092897
52977,52977,19.5520217,-99.2633141,19.5520217,-99.2633141
11500,11560,19.4398745,-99.211348,19.4339168,-99.18787209999999
3020,14608,19.3940734,-99.1539178,19.2780601,-99.146999
1060,1060,19.3491886,-99.1968277,19.3491886,-99.1968277
11500,11560,19.4398745,-99.211348,19.4339168,-99.18787209999999
1780,5348,19.3392293,-99.21898379999999,19.3568681,-99.2756998
3650,6140,19.3756251,-99.1546097,19.4149803,-99.17744619999999
4000,4000,19.3486926,-99.16291310000001,19.3486926,-99.16291310000001
3800,3630,19.3880449,-99.185752,19.3803931,-99.14769079999999
66036,1618,25.7674719,-100.4640248,19.3607241,-99.223485
1030,1030,19.3559202,-99.1802147,19.3559202,-99.1802147
1180,4370,19.3868525,-99.19475090000002,19.3371133,-99.1442316
15900,15900,19.4142597,-99.1041157,19.4142597,-99.1041157
3104,10200,19.3712091,-99.16914129999999,19.3271667,-99.22452369999999
6720,6760,19.4179232,-99.1483827,19.405299,-99.16498910000001
7700,66648,19.5060423,-99.1539178,25.7218778,-100.1689251
11410,11410,19.4556664,-99.18852079999999,19.4556664,-99.18852079999999
11500,11500,19.4398745,-99.211348,19.4398745,-99.211348
3100,3100,19.3813647,-99.16802390000001,19.3813647,-99.16802390000001
52774,52774,19.4223752,-99.29241909999999,19.4223752,-99.29241909999999
6100,11850,19.4093682,-99.1719095,19.4114729,-99.18852079999999
11560,11560,19.4339168,-99.18787209999999,19.4339168,-99.18787209999999
52987,52900,19.5392708,-99.2390679,19.5645202,-99.2494583
6700,11800,19.4173639,-99.1594532,19.4002495,-99.17744619999999
1090,14210,19.3395802,-99.19752,19.3017806,-99.2023662
52930,52930,19.5458167,-99.2979641,19.5458167,-99.2979641
11500,11500,19.4398745,-99.211348,19.4398745,-99.211348
6470,6400,19.4392516,-99.16360510000001,19.4468279,-99.1594532
14150,4100,19.3012202,-99.22798639999999,19.3538129,-99.16360510000001
11320,11320,19.4445835,-99.1746778,19.4445835,-99.1746778
3103,3900,19.3968781,-99.16553449999999,19.3674235,-99.185752
52774,52774,19.4223752,-99.29241909999999,19.4223752,-99.29241909999999
11570,11570,23.634501,-102.552784,23.634501,-102.552784
3810,4200,19.3943574,-99.17744619999999,19.3434226,-99.1359301
1080,1580,19.3391597,-99.20582789999999,23.634501,-102.552784
2230,53130,19.5002866,-99.1802147,19.5019553,-99.2269476
11320,11550,19.4445835,-99.1746778,19.4318149,-99.19405859999999
6700,3100,19.4173639,-99.1594532,19.3813647,-99.16802390000001
54080,53100,19.5203389,-99.2203687,19.5077027,-99.23698999999999
54054,54080,19.522923,-99.2418386,19.5203389,-99.2203687
57120,57100,19.4828565,-99.0584911,19.4918371,-99.0557268
5010,5118,19.3553246,-99.3076688,19.3827372,-99.25396119999999
3810,5120,19.3943574,-99.17744619999999,19.3904162,-99.25500029999999
14376,14010,19.2932045,-99.1386972,19.2986234,-99.1919819
52155,52143,19.2687547,-99.6311772,19.2346443,-99.5909956
52985,52774,19.535969,-99.2459947,19.4223752,-99.29241909999999
6760,1710,19.405299,-99.16498910000001,19.3574644,-99.207905
52143,1810,19.2346443,-99.5909956,19.3381002,-99.2556931
11850,6500,19.4114729,-99.18852079999999,19.4301322,-99.16914129999999
15900,15900,19.4142597,-99.1041157,19.4142597,-99.1041157
11590,11000,19.4326577,-99.17744619999999,19.420166,-99.2203687
6140,6140,19.4149803,-99.17744619999999,19.4149803,-99.17744619999999
1340,1219,19.3809519,-99.2456483,19.3870901,-99.2407996
53966,52953,23.634501,-102.552784,19.5601814,-99.233527
6760,6700,19.405299,-99.16498910000001,19.4173639,-99.1594532
14000,14080,19.2871869,-99.1705253,19.2892862,-99.1580693
11850,3020,19.4114729,-99.18852079999999,19.3940734,-99.1539178
4000,11560,19.3486926,-99.16291310000001,19.4339168,-99.18787209999999
53840,53840,19.4323636,-99.24114589999999,19.4323636,-99.24114589999999
1010,1030,19.3611115,-99.19405859999999,19.3559202,-99.1802147
3103,6100,19.3968781,-99.16553449999999,19.4093682,-99.1719095
6000,6600,19.4302678,-99.1373136,19.4276061,-99.16083719999999
2420,2420,19.4988763,-99.207905,19.4988763,-99.207905
6100,3810,19.4093682,-99.1719095,19.3943574,-99.17744619999999
14140,10740,19.3057082,-99.2266013,23.634501,-102.552784
11550,11529,19.4318149,-99.19405859999999,19.4431776,-99.2023662
3300,3230,19.3648912,-99.1483827,19.3684751,-99.17952260000001
6700,6700,19.4173639,-99.1594532,19.4173639,-99.1594532
3330,3810,19.362511,-99.16637310000002,19.3943574,-99.17744619999999
1729,4330,19.3402778,-99.2418386,19.3366956,-99.15253399999999
3330,3810,19.362511,-99.16637310000002,19.3943574,-99.17744619999999
11590,11560,19.4326577,-99.17744619999999,19.4339168,-99.18787209999999
1080,10200,19.3391597,-99.20582789999999,19.3271667,-99.22452369999999
76090,76090,20.5705002,-100.3582107,20.5705002,-100.3582107
6700,11000,19.4173639,-99.1594532,19.420166,-99.2203687
11590,1790,19.4326577,-99.17744619999999,19.3446999,-99.21275179999999
52989,52989,19.5368619,-99.2716288,19.5368619,-99.2716288
53240,53200,19.4905757,-99.25500029999999,19.4935831,-99.26816420000002
11529,1210,19.4431776,-99.2023662,19.382987,-99.2418386
15900,15900,19.4142597,-99.1041157,19.4142597,-99.1041157
6760,1710,19.405299,-99.16498910000001,19.3574644,-99.207905
11560,11560,19.4339168,-99.18787209999999,19.4339168,-99.18787209999999
11550,11529,19.4318149,-99.19405859999999,19.4431776,-99.2023662
4310,4310,19.341471,-99.1746778,19.341471,-99.1746778
3020,52929,19.3940734,-99.1539178,19.6008781,-99.23006409999999
3840,3810,19.3877638,-99.1767541,19.3943574,-99.17744619999999
3840,3810,19.3877638,-99.1767541,19.3943574,-99.17744619999999
11529,3920,19.4431776,-99.2023662,19.3726839,-99.18367549999999
45019,45019,20.7096402,-103.4569571,20.7096402,-103.4569571
6760,1710,19.405299,-99.16498910000001,19.3574644,-99.207905
11599,11570,23.634501,-102.552784,23.634501,-102.552784
11550,11000,19.4318149,-99.19405859999999,19.420166,-99.2203687
3023,52220,19.393651,-99.14769079999999,19.1934522,-99.5909956
76116,32580,20.6346862,-100.464947,31.6517632,-106.3728707
45134,45019,20.76045,-103.4237244,20.7096402,-103.4569571
3650,3200,19.3756251,-99.1546097,19.3768213,-99.1746778
2490,53130,19.4824648,-99.1902513,19.5019553,-99.2269476
3400,3300,19.399121,-99.1414643,19.3648912,-99.1483827
6470,3100,19.4392516,-99.16360510000001,19.3813647,-99.16802390000001
1010,1030,19.3611115,-99.19405859999999,19.3559202,-99.1802147
6700,6600,19.4173639,-99.1594532,19.4276061,-99.16083719999999
4230,3710,19.3542204,-99.12624609999999,19.3832047,-99.17952260000001
6400,6400,19.4468279,-99.1594532,19.4468279,-99.1594532
6140,6140,19.4149803,-99.17744619999999,19.4149803,-99.17744619999999
6760,6760,19.405299,-99.16498910000001,19.405299,-99.16498910000001
6760,6100,19.405299,-99.16498910000001,19.4093682,-99.1719095
3023,3023,19.393651,-99.14769079999999,19.393651,-99.14769079999999
11560,11560,19.4339168,-99.18787209999999,19.4339168,-99.18787209999999
11500,53950,19.4398745,-99.211348,19.4193192,-99.23698999999999
3020,3020,19.3940734,-99.1539178,19.3940734,-99.1539178
6500,11590,19.4301322,-99.16914129999999,19.4326577,-99.17744619999999
11000,5320,19.420166,-99.2203687,19.3617203,-99.2834093
6140,6140,19.4149803,-99.17744619999999,19.4149803,-99.17744619999999
11800,11800,19.4002495,-99.17744619999999,19.4002495,-99.17744619999999
6140,11850,19.4149803,-99.17744619999999,19.4114729,-99.18852079999999
11320,6500,19.4445835,-99.1746778,19.4301322,-99.16914129999999
54110,54769,19.5705882,-99.18852079999999,19.5983736,-99.19267409999999
3010,3000,19.4028756,-99.1473449,19.403193,-99.1556476
5000,5000,19.3557507,-99.2993504,19.3557507,-99.2993504
69005,44600,17.8136546,-97.7661188,20.6769383,-103.3717253
11560,11560,19.4339168,-99.18787209999999,19.4339168,-99.18787209999999
11520,11500,19.4409348,-99.18852079999999,19.4398745,-99.211348
11520,6500,19.4409348,-99.18852079999999,19.4301322,-99.16914129999999
3100,76146,19.3813647,-99.16802390000001,20.6182789,-100.3469826
14325,8500,19.2980997,-99.1144885,19.3923495,-99.0709315
14430,4600,19.2775796,-99.17121739999999,19.3115869,-99.1539178
6140,11850,19.4149803,-99.17744619999999,19.4114729,-99.18852079999999
3103,3200,19.3968781,-99.16553449999999,19.3768213,-99.1746778
3020,52783,19.3940734,-99.1539178,19.4222516,-99.2660856
5000,5000,19.3557507,-99.2993504,19.3557507,-99.2993504
3104,3400,19.3712091,-99.16914129999999,19.399121,-99.1414643
2490,53130,19.4824648,-99.1902513,19.5019553,-99.2269476
44330,45030,20.6960687,-103.3139733,20.6638594,-103.4266138
3103,6760,19.3968781,-99.16553449999999,19.405299,-99.16498910000001
3020,7730,19.3940734,-99.1539178,19.4925705,-99.1435398
3300,3300,19.3648912,-99.1483827,19.3648912,-99.1483827
3100,5240,19.3813647,-99.16802390000001,19.3647364,-99.28202329999999
1700,1729,19.3418937,-99.22452369999999,19.3402778,-99.2418386
3104,4020,19.3712091,-99.16914129999999,19.3482003,-99.1580693
5249,51200,19.3698885,-99.2806428,19.1628508,-100.1311163
6470,3800,19.4392516,-99.16360510000001,19.3880449,-99.185752
11320,11320,19.4445835,-99.1746778,19.4445835,-99.1746778
3240,52930,19.3628631,-99.17398569999999,19.5458167,-99.2979641
16020,1030,19.271182,-99.1373136,19.3559202,-99.1802147
6500,11590,19.4301322,-99.16914129999999,19.4326577,-99.17744619999999
6500,11590,19.4301322,-99.16914129999999,19.4326577,-99.17744619999999
3020,52783,19.3940734,-99.1539178,19.4222516,-99.2660856
11560,11560,19.4339168,-99.18787209999999,19.4339168,-99.18787209999999
1210,53774,19.382987,-99.2418386,23.634501,-102.552784
5120,5100,19.3904162,-99.25500029999999,19.3822741,-99.2702429
3900,3900,19.3674235,-99.185752,19.3674235,-99.185752
5348,11560,19.3568681,-99.2756998,19.4339168,-99.18787209999999
6500,3920,19.4301322,-99.16914129999999,19.3726839,-99.18367549999999
5600,5320,19.3466476,-99.2757864,19.3617203,-99.2834093
50903,55729,19.3708299,-99.7413838,19.6252493,-99.0807816
10200,10200,19.3271667,-99.22452369999999,19.3271667,-99.22452369999999
4330,3810,19.3366956,-99.15253399999999,19.3943574,-99.17744619999999
14330,14330,19.2954306,-99.1089562,19.2954306,-99.1089562
14325,8500,19.2980997,-99.1144885,19.3923495,-99.0709315
50226,45019,19.3153047,-99.5716848,20.7096402,-103.4569571
14140,1090,19.3057082,-99.2266013,19.3395802,-99.19752
3100,3100,19.3813647,-99.16802390000001,19.3813647,-99.16802390000001
3900,3200,19.3674235,-99.185752,19.3768213,-99.1746778
1400,53950,19.3752791,-99.2051355,19.4193192,-99.23698999999999
7840,53330,19.4649224,-99.1220962,19.485329,-99.22798639999999
52005,11800,19.2862459,-99.5047835,19.4002495,-99.17744619999999
53950,52780,19.4193192,-99.23698999999999,19.4113186,-99.2494583
1710,1010,19.3574644,-99.207905,19.3611115,-99.19405859999999
3100,3100,19.3813647,-99.16802390000001,19.3813647,-99.16802390000001
11560,11000,19.4339168,-99.18787209999999,19.420166,-99.2203687
4010,4000,19.3475023,-99.1719095,19.3486926,-99.16291310000001
5600,5600,19.3466476,-99.2757864,19.3466476,-99.2757864
11520,3330,19.4409348,-99.18852079999999,19.362511,-99.16637310000002
3100,3100,19.3813647,-99.16802390000001,19.3813647,-99.16802390000001
11400,2050,19.4531418,-99.1802147,19.4774151,-99.1809068
3103,3103,19.3968781,-99.16553449999999,19.3968781,-99.16553449999999
3660,3300,19.3754117,-99.1442316,19.3648912,-99.1483827
1210,1210,19.382987,-99.2418386,19.382987,-99.2418386
1210,1210,19.382987,-99.2418386,19.382987,-99.2418386
3100,3200,19.3813647,-99.16802390000001,19.3768213,-99.1746778
5320,10900,19.3617203,-99.2834093,19.2891574,-99.24807279999999
9800,3530,19.336111,-99.10549859999999,19.3869129,-99.1352383
53900,53900,19.4327877,-99.2328344,19.4327877,-99.2328344
3103,3100,19.3968781,-99.16553449999999,19.3813647,-99.16802390000001
3310,3100,19.3685426,-99.16360510000001,19.3813647,-99.16802390000001
1480,14140,19.3674239,-99.2002892,19.3057082,-99.2266013
11520,6400,19.4409348,-99.18852079999999,19.4468279,-99.1594532
11000,11000,19.420166,-99.2203687,19.420166,-99.2203687
54766,20286,19.6185361,-99.2591571,21.8406728,-102.3191872
1700,1010,19.3418937,-99.22452369999999,19.3611115,-99.19405859999999
1600,10400,19.3658809,-99.2016738,19.319032,-99.2252163
6000,6000,19.4302678,-99.1373136,19.4302678,-99.1373136
1310,1219,19.3809493,-99.252922,19.3870901,-99.2407996
7840,53300,19.4649224,-99.1220962,19.49494,-99.2272939
11500,11700,19.4398745,-99.211348,19.4010793,-99.24807279999999
3910,1480,19.3723335,-99.1905974,19.3674239,-99.2002892
52950,52989,19.5688885,-99.2217537,19.5368619,-99.2716288
6000,6720,19.4302678,-99.1373136,19.4179232,-99.1483827
3100,3200,19.3813647,-99.16802390000001,19.3768213,-99.1746778
3330,3100,19.362511,-99.16637310000002,19.3813647,-99.16802390000001
3710,6400,19.3832047,-99.17952260000001,19.4468279,-99.1594532
1090,1090,19.3395802,-99.19752,19.3395802,-99.19752
11850,11850,19.4114729,-99.18852079999999,19.4114729,-99.18852079999999
52994,52994,19.5210236,-99.250151,19.5210236,-99.250151
3710,3710,19.3832047,-99.17952260000001,19.3832047,-99.17952260000001
3230,3100,19.3684751,-99.17952260000001,19.3813647,-99.16802390000001
5600,52786,19.3466476,-99.2757864,19.4047195,-99.2633141
11560,11550,19.4339168,-99.18787209999999,19.4318149,-99.19405859999999
9089,52945,19.3646014,-99.1248628,19.5628438,-99.2390679
3023,6760,19.393651,-99.14769079999999,19.405299,-99.16498910000001
4620,4370,19.3225231,-99.1414643,19.3371133,-99.1442316
3900,3230,19.3674235,-99.185752,19.3684751,-99.17952260000001
11500,11570,19.4398745,-99.211348,23.634501,-102.552784
6500,6500,19.4301322,-99.16914129999999,19.4301322,-99.16914129999999
3103,3100,19.3968781,-99.16553449999999,19.3813647,-99.16802390000001
3900,1030,19.3674235,-99.185752,19.3559202,-99.1802147
11500,11500,19.4398745,-99.211348,19.4398745,-99.211348
3100,3020,19.3813647,-99.16802390000001,19.3940734,-99.1539178
3100,5340,19.3813647,-99.16802390000001,19.3631066,-99.2789698
3100,2250,19.3813647,-99.16802390000001,19.4920787,-99.1750238
16050,1010,19.2620491,-99.11379699999999,19.3611115,-99.19405859999999
53900,53900,19.4327877,-99.2328344,19.4327877,-99.2328344
5120,5100,19.3904162,-99.25500029999999,19.3822741,-99.2702429
3100,53100,19.3813647,-99.16802390000001,19.5077027,-99.23698999999999
1400,53950,19.3752791,-99.2051355,19.4193192,-99.23698999999999
6400,55717,19.4468279,-99.1594532,19.6448521,-99.1193297
3100,6700,19.3813647,-99.16802390000001,19.4173639,-99.1594532
11560,11550,19.4339168,-99.18787209999999,19.4318149,-99.19405859999999
